,총괄국,우체국,차량번호,내용년수,총주행거리,교체점수
1,당진우체국,당진정미우체국,충남당진나7812,72,100070,111
2,금산우체국,금산우체국,충남금산라7664,74,89035,102
3,괴산우체국,괴산우체국,충북괴산가6947,51,96101,86
4,태안우체국,안면우체국,태안라3186,74,70755,83
5,금산우체국,금산우체국,충남금산라7723,72,71660,82
6,공주우체국,공주우체국,충남공주나7913,60,82052,81
7,충주우체국,엄정우체국,충북충주자8864,48,94868,81
8,청주우체국,청주우체국,충북청주나4058,84,57631,80
9,괴산우체국,괴산우체국,충북괴산가6822,60,79065,78
10,당진우체국,합덕우체국,충남당진나6900,60,79402,78
11,서천우체국,서천우체국,충남서천다5245,52,86130,77
12,괴산우체국,괴산우체국,충북괴산가7015,48,90303,77
13,괴산우체국,괴산우체국,충북괴산가6609,75,62110,76
14,당진우체국,합덕우체국,충남당진나6887,60,77667,76
15,괴산우체국,괴산우체국,충북괴산가7013,48,88662,75
16,당진우체국,합덕우체국,충남당진나6886,60,75230,74
17,당진우체국,당진우체국,충남당진나6899,60,74252,73
18,당진우체국,합덕우체국,충남당진나6901,60,74276,73
19,당진우체국,합덕우체국,충남당진나7446,47,87919,73
20,괴산우체국,괴산우체국,충북괴산가6946,51,82172,72
21,옥천우체국,청산우체국,충북옥천차0449,48,84945,71
22,보령우체국,보령우체국,충남보령자7398,74,58730,71
23,충주우체국,엄정우체국,충북충주자8862,48,83394,70
24,제천우체국,수산우체국,충북제천라7447,48,83424,70
25,금산우체국,금산우체국,충남금산라7968,61,70249,70
26,태안우체국,안면우체국,충남태안라3491,52,78932,69
27,음성우체국,음성우체국,충북음성라3792,60,70921,69
28,서천우체국,서천우체국,충남서천다5113,60,70926,69
29,보은우체국,보은우체국,충북보은다6534,48,80516,67
30,부여우체국,홍산우체국,충남부여가9526,52,75595,66
31,논산우체국,연산우체국,충남논산 바5064,48,79028,66
32,괴산우체국,증평우체국,충북괴산가6663,72,55714,66
33,당진우체국,당진우체국,충남당진가1650,60,67818,66
34,단양우체국,단양우체국,충북단양가1077,48,78076,65
35,보령우체국,보령웅천우체국,보령자5409,52,74175,65
36,금산우체국,금산우체국,충남금산마6330,52,74880,65
37,태안우체국,태안우체국,충남태안라3493,51,75607,65
38,당진우체국,당진우체국,충남당진가1845,51,74181,64
39,서천우체국,서천우체국,충남서천다5246,52,73849,64
40,제천우체국,제천우체국,충북제천라7240,52,73238,64
41,부여우체국,홍산우체국,충남부여가9530,48,77932,64
42,충주우체국,엄정우체국,충북충주자7379,52,73310,64
43,당진우체국,당진우체국,충남당진나6889,61,63870,63
44,홍성우체국,홍성우체국,충남홍성가9493,92,32965,63
45,당진우체국,합덕우체국,충남당진가1848,51,73469,63
46,충주우체국,엄정우체국,충북충주자7380,52,71999,62
47,당진우체국,당진정미우체국,충남당진나7445,47,76193,62
48,태안우체국,태안우체국,충남태안라3544,48,75642,62
49,부여우체국,홍산우체국,충남부여가1463,61,62822,62
50,보은우체국,보은우체국,충북보은다6532,48,75060,62
51,예산우체국,예산덕산우체국,충남예산아3869,48,74746,61
52,제천우체국,제천우체국,충북제천라7453,48,74188,61
53,공주우체국,유구우체국,충남공주하1207,48,73618,60
54,충주우체국,충주우체국,충북충주자7372,52,69612,60
55,보은우체국,보은우체국,충북보은다7137,74,47169,60
56,보은우체국,보은우체국,충북보은다6461,52,69363,60
57,예산우체국,예산덕산우체국,충남예산아3868,48,73089,60
58,당진우체국,당진우체국,충남당진가1652,60,60240,59
59,당진우체국,당진정미우체국,충남당진나7783,38,82801,59
60,제천우체국,제천우체국,충북제천라6722,61,59563,59
61,서천우체국,서천우체국,충남서천다5303,48,72773,59
62,음성우체국,음성우체국,충북음성라3799,60,59363,58
63,금산우체국,금산우체국,충남금산마6464,48,71935,58
64,서산우체국,서산우체국,충남서산가5368,72,47262,58
65,공주우체국,유구우체국,충남공주하1205,48,71837,58
66,부여우체국,임천우체국,충남부여가7596,48,71610,58
67,부여우체국,부여우체국,충남부여가1442,48,71666,58
68,서산우체국,서산우체국,충남서산가5403,48,70093,57
69,서산우체국,서산우체국,충남서산가5392,48,70020,57
70,충주우체국,엄정우체국,충북충주자8866,48,70000,57
71,태안우체국,태안우체국,충남태안라3492,52,66324,57
72,태안우체국,안면우체국,충남태안라3490,52,66557,57
73,태안우체국,안면우체국,충남태안라3540,48,70114,57
74,논산우체국,연산우체국,충남논산바5063,48,70738,57
75,음성우체국,음성우체국,충북음성라3800,60,57381,56
76,서천우체국,서천우체국,충남서천다5247,52,65744,56
77,예산우체국,예산우체국,충남예산가8679,52,65669,56
78,부여우체국,홍산우체국,충남부여가9528,48,68329,55
79,금산우체국,금산우체국,충남금산마6471,48,68069,55
80,청주우체국,청주우체국,충북청주하6612,48,68691,55
81,공주우체국,유구우체국,충남공주하1209,47,69248,55
82,태안우체국,태안우체국,태안라3205,72,44105,55
83,충주우체국,엄정우체국,충북충주자7336,60,56854,55
84,금산우체국,금산우체국,충남금산라7969,61,55773,55
85,예산우체국,삽교우체국,충남예산나1401,48,68585,55
86,금산우체국,금산우체국,충남금산마6485,48,68569,55
87,서청주우체국,서청주우체국,충북청주타8598,84,32031,55
88,서대전우체국,서대전우체국,대전중바9277,74,41219,54
89,홍성우체국,홍성우체국,충남홍성타1496,48,67270,54
90,당진우체국,당진우체국,충남당진나6885,61,54690,54
91,금산우체국,금산우체국,충남금산라7991,60,55341,54
92,당진우체국,당진정미우체국,충남당진나7781,38,77232,54
93,음성우체국,금왕우체국,충북음성라3575,74,40621,53
94,보은우체국,보은우체국,충북보은다6535,48,66887,53
95,옥천우체국,옥천우체국,충북옥천차0459,48,66773,53
96,서산우체국,해미우체국,충남서산가5389,48,66398,53
97,음성우체국,생극우체국,충북음성라3997,52,62617,53
98,태안우체국,태안우체국,충남태안라3546,48,65012,52
99,충주우체국,충주우체국,충북충주자5465,75,38087,52
100,보은우체국,보은우체국,충북보은다6464,52,61425,52
101,금산우체국,금산우체국,충남금산마6472,48,65754,52
102,제천우체국,제천우체국,충북제천라7238,52,61572,52
103,제천우체국,제천우체국,충북제천라7450,48,65196,52
104,충주우체국,엄정우체국,충북충주자8865,48,65942,52
105,충주우체국,충주우체국,충북충주자5462,75,38300,52
106,서산우체국,서산우체국,충남서산가5363,74,39397,52
107,영동우체국,영동우체국,충북영동가6791,61,52215,52
108,괴산우체국,증평우체국,충북괴산가6823,60,53483,52
109,보은우체국,보은회인우체국,충북보은다6530,48,64645,51
110,보령우체국,보령우체국,충남보령자5611,48,64180,51
111,태안우체국,태안우체국,충남태안라3549,48,64370,51
112,서대전우체국,서대전우체국,대전중바9280,74,38513,51
113,아산우체국,영인우체국,충남아산가1972,60,52816,51
114,음성우체국,금왕우체국,충북음성라3597,72,40080,51
115,부여우체국,임천우체국,충남부여가7600,38,74310,51
116,공주우체국,공주우체국,충남공주나8749,38,74314,51
117,충주우체국,충주우체국,충북충주자5470,75,37165,51
118,충주우체국,주덕우체국,충북충주자7381,52,60810,51
119,서산우체국,해미우체국,충남서산가5377,51,61806,51
120,단양우체국,단양우체국,충북단양가1075,48,63479,50
121,보은우체국,보은우체국,충북보은다6463,52,59412,50
122,금산우체국,금산우체국,충남금산마6473,48,63380,50
123,진천우체국,진천우체국,충북진천가7307,52,59355,50
124,아산우체국,영인우체국,충남아산가0107,47,64988,50
125,금산우체국,금산우체국,충남금산마6474,48,63450,50
126,예산우체국,삽교우체국,충남예산나1387,51,60665,50
127,괴산우체국,괴산우체국,충북괴산가7014,48,63454,50
128,제천우체국,제천우체국,충북제천라7236,52,59600,50
129,홍성우체국,광천우체국,충남홍성타1505,48,62524,49
130,천안우체국,성환우체국,충남천안라0133,61,49807,49
131,서대전우체국,서대전우체국,대전중바9281,74,36609,49
132,서산우체국,서산우체국,충남서산가5393,48,62458,49
133,서대전우체국,서대전우체국,대전중바9273,74,36367,49
134,보령우체국,보령우체국,충남보령자5406,52,58716,49
135,서청주우체국,청주남이우체국,충북청주하6703,47,63370,49
136,보은우체국,보은회인우체국,충북보은다6533,48,62274,49
137,논산우체국,계룡금암동우체국,충남논산바5075,48,62474,49
138,세종우체국,조치원우체국,세종다5220,52,58824,49
139,충주우체국,엄정우체국,충북충주자8863,48,62590,49
140,당진우체국,당진우체국,충남당진가1376,75,35380,49
141,태안우체국,태안우체국,충남태안라3548,48,62918,49
142,공주우체국,유구우체국,충남공주하1208,48,62965,49
143,대전우체국,대전우체국,대전동다7081,72,38057,49
144,괴산우체국,증평우체국,충북괴산가6812,61,49025,49
145,보령우체국,오천우체국,충남보령자5608,48,61152,48
146,청주우체국,청주우체국,충북청주파6802,72,37784,48
147,아산우체국,영인우체국,충남아산가0105,52,57499,48
148,충주우체국,충주우체국,충북충주자8856,48,61682,48
149,부여우체국,임천우체국,충남부여가7597,48,61442,48
150,영동우체국,영동우체국,충북영동가6913,47,62475,48
151,당진우체국,합덕우체국,충남당진나7440,47,62551,48
152,논산우체국,논산우체국,충남논산바5054,48,61878,48
153,천안우체국,천안우체국,충남천안라5623,75,34973,48
154,논산우체국,논산우체국,충남논산바5055,48,61985,48
155,서천우체국,서천우체국,충남서천다5305,48,60682,47
156,충주우체국,충주우체국,충북충주자5461,75,33634,47
157,진천우체국,진천우체국,충북진천가7421,48,60130,47
158,아산우체국,영인우체국,충남아산가0108,47,61670,47
159,진천우체국,광혜원우체국,충북진천가7423,48,59363,46
160,보령우체국,보령우체국,충남보령자4947,61,46187,46
161,홍성우체국,홍성우체국,충남홍성타1729,38,69555,46
162,금산우체국,금산우체국,충남금산마6329,52,55265,46
163,청주우체국,청주우체국,충북청주파4629,74,33425,46
164,충주우체국,충주우체국,충북충주자8859,48,59824,46
165,서청주우체국,서청주우체국,청주파0853,60,47940,46
166,서청주우체국,청주남이우체국,충북청주하6704,47,60310,46
167,서청주우체국,청주남이우체국,충북청주하6705,47,60011,46
168,청주우체국,청주우체국,충북청주파4638,74,33640,46
169,서산우체국,해미우체국,충남서산가5399,48,59707,46
170,서청주우체국,서청주우체국,청주파0845,60,47842,46
171,충주우체국,충주우체국,충북충주자5463,75,31525,45
172,보령우체국,보령웅천우체국,보령자6307,38,68069,45
173,충주우체국,주덕우체국,충북충주자8925,38,68495,45
174,당진우체국,당진정미우체국,충남당진나7785,38,68845,45
175,아산우체국,아산우체국,충남아산가1127,74,32823,45
176,괴산우체국,증평우체국,충북괴산가6811,61,45304,45
177,홍성우체국,홍성우체국,충남홍성타1734,38,67474,44
178,청주우체국,청주우체국,충북청주파6803,72,33469,44
179,금산우체국,금산우체국,충남금산마6467,48,57278,44
180,금산우체국,금산우체국,충남금산마6466,48,57285,44
181,영동우체국,영동우체국,충북영동가6875,52,53020,44
182,당진우체국,당진우체국,충남당진나6529,72,33382,44
183,공주우체국,공주우체국,충남공주나8248,52,53481,44
184,세종우체국,조치원우체국,세종다5256,48,57402,44
185,논산우체국,논산우체국,충남논산바5056,48,57150,44
186,보령우체국,오천우체국,충남보령자5613,48,57914,44
187,괴산우체국,증평우체국,충북괴산가6813,61,44080,44
188,충주우체국,충주우체국,충북충주자8857,48,57828,44
189,예산우체국,예산우체국,충남예산가8916,38,67615,44
190,보령우체국,보령우체국,충남보령자5408,52,53253,44
191,충주우체국,충주우체국,충북충주자5469,75,30228,44
192,당진우체국,당진우체국,충남당진나6888,61,43700,43
193,금산우체국,금산우체국,충남금산마6468,48,56341,43
194,보령우체국,보령우체국,충남보령자5607,48,56515,43
195,제천우체국,수산우체국,충북제천라7446,48,56298,43
196,옥천우체국,옥천우체국,충북옥천차0453,48,56593,43
197,충주우체국,충주우체국,충북충주자8855,48,56718,43
198,부여우체국,부여우체국,충남부여가1448,38,66812,43
199,홍성우체국,홍성우체국,충남홍성타1502,48,56056,43
200,진천우체국,진천우체국,충북진천가7417,48,56921,43
201,충주우체국,충주우체국,충북충주자7329,61,43442,43
202,예산우체국,예산우체국,충남예산가8678,52,51090,42
203,금산우체국,금산우체국,충남금산마6785,38,65326,42
204,예산우체국,예산우체국,충남예산가8915,38,65749,42
205,금산우체국,금산우체국,충남금산마6786,38,65095,42
206,태안우체국,안면우체국,충남태안라3489,52,51313,42
207,태안우체국,안면우체국,충남태안라3539,48,55311,42
208,세종우체국,세종우체국,세종다5173,58,45835,42
209,서청주우체국,서청주우체국,청주파4675,74,29043,42
210,논산우체국,연산우체국,충남논산 바5065 ,48,55046,42
211,공주우체국,공주우체국,충남공주나8750,38,64489,41
212,보령우체국,보령우체국,충남보령자4946,61,41273,41
213,부여우체국,부여우체국,충남부여가1444,48,54700,41
214,서청주우체국,서청주우체국,충북청주하6706,47,55078,41
215,대전둔산우체국,대전둔산우체국,대전서차2835,72,30830,41
216,태안우체국,태안우체국,충남태안라3545,48,54656,41
217,음성우체국,금왕우체국,충북음성라3796,60,42613,41
218,진천우체국,진천우체국,충북진천가7419,48,54863,41
219,충주우체국,엄정우체국,충북충주자8861,48,54865,41
220,서산우체국,서산우체국,충남서산가5413,38,64251,41
221,진천우체국,진천우체국,충북진천가7304,52,50083,41
222,충주우체국,충주우체국,충북충주자8921,38,64515,41
223,동천안우체국,동천안우체국,충남천안하1184,72,30952,41
224,영동우체국,황간우체국,충북영동가6789,61,41555,41
225,음성우체국,음성우체국,충북음성라4128,48,53734,40
226,공주우체국,공주우체국,충남공주나8748,38,62468,39
227,진천우체국,진천우체국,충북진천가7676,38,62454,39
228,홍성우체국,광천우체국,충남홍성타1499,48,52941,39
229,논산우체국,계룡금암동우체국,충남논산바5456,38,62044,39
230,보은우체국,보은우체국,충북보은다6531,48,52420,39
231,단양우체국,단양우체국,충북단양가1076,48,51769,38
232,음성우체국,금왕우체국,충북음성라3797,60,39078,38
233,제천우체국,제천우체국,충북제천라7239,52,47912,38
234,예산우체국,예산덕산우체국,충남예산아3867,48,51835,38
235,영동우체국,영동우체국,충북영동가6788,61,38890,38
236,청주우체국,청주우체국,충북청주차0533,38,61850,38
237,서천우체국,서천우체국,충남서천다5413,38,61999,38
238,태안우체국,태안우체국,충남태안라3369,59,40347,38
239,예산우체국,삽교우체국,충남예산나1451,38,60842,37
240,영동우체국,영동우체국,충북영동가6914,47,51132,37
241,충주우체국,충주우체국,충북충주자5459,75,23940,37
242,부여우체국,홍산우체국,충남부여가1039,38,60610,37
243,논산우체국,연산우체국,충남논산바5460,38,60088,37
244,논산우체국,논산연무우체국,충남논산바5068,48,50932,37
245,청주우체국,청주우체국,충북청주파4995,60,38811,37
246,홍성우체국,홍성우체국,충남홍성타1731,38,60637,37
247,논산우체국,논산연무우체국,충남논산바5072,48,50195,37
248,아산우체국,영인우체국,충남아산바3659,38,60242,37
249,옥천우체국,옥천우체국,충북옥천차0454,48,50799,37
250,홍성우체국,홍성우체국,충남홍성타1725,38,60290,37
251,논산우체국,논산연무우체국,충남논산바5078,48,49182.8,36
252,옥천우체국,옥천우체국,충북옥천차0458,48,49844,36
253,제천우체국,제천우체국,충북제천라7237,52,45628,36
254,아산우체국,아산우체국,충남아산가0118,47,50904,36
255,서청주우체국,서청주우체국,청주파4691,74,23796,36
256,옥천우체국,옥천우체국,충북옥천차0657,38,59335,36
257,진천우체국,진천우체국,충북진천가7675,38,59980,36
258,홍성우체국,홍성우체국,충남홍성타1730,38,59309,36
259,대전둔산우체국,대전둔산우체국,대전서파2971,60,37411,36
260,보령우체국,보령우체국,충남보령자4963,60,37016,36
261,대전대덕우체국,대전대덕우체국,대전대덕마5846,52,45291,36
262,제천우체국,제천우체국,충북제천라7970,38,59308,36
263,충주우체국,충주우체국,충북충주자7327,61,36173,36
264,단양우체국,단양우체국,충북단양가1072,48,48638,35
265,서천우체국,비인우체국,충남서천다5304,47,49904,35
266,대전대덕우체국,대전대덕우체국,대전대덕마4546,61,35846,35
267,대전대덕우체국,대전대덕우체국,대전대덕마4545,61,35244,35
268,진천우체국,진천우체국,충북진천가7303,52,44375,35
269,당진우체국,당진우체국,충남당진가1841,51,45174,35
270,대전둔산우체국,대전둔산우체국,대전서파2969,60,36426,35
271,금산우체국,금산우체국,충남금산마6465,48,48822,35
272,아산우체국,아산우체국,충남아산가1967,60,36802,35
273,서청주우체국,청주남이우체국,충북청주차0570,38,58728,35
274,공주우체국,유구우체국,충남공주하1268,38,58469,35
275,당진우체국,당진우체국,충남당진나7447,47,48450,34
276,서천우체국,서천우체국,충남서천다5112,60,35825,34
277,공주우체국,유구우체국,충남공주하1267,38,57618,34
278,대전둔산우체국,대전둔산우체국,대전서파2966,60,35319,34
279,대전대덕우체국,대전대덕우체국,대전대덕마4543,61,34662,34
280,금산우체국,금산우체국,충남금산마6480,48,47501,34
281,천안우체국,성환우체국,충남천안라0433,48,47961,34
282,당진우체국,당진우체국,충남당진가1651,60,35003,34
283,서산우체국,서산우체국,충남서산가5401,48,47314,34
284,영동우체국,황간우체국,충북영동가7012,38,57504,34
285,음성우체국,음성우체국,충북음성라4133,48,47210,34
286,보은우체국,보은우체국,충북보은다6460,52,43923,34
287,진천우체국,진천우체국,충북진천가7418,48,47640,34
288,옥천우체국,옥천우체국,충북옥천차0455,48,47010,34
289,홍성우체국,홍성우체국,충남홍성타1172,61,34818,34
290,홍성우체국,홍성우체국 내포집배센터,충남홍성타1501,48,47775,34
291,청주우체국,청주우체국,충북청주파4996,60,34644,33
292,서천우체국,서천우체국,충남서천다5414,38,56339,33
293,부여우체국,홍산우체국,충남부여가1040,38,56175,33
294,태안우체국,태안우체국,충남태안라3355,60,34789,33
295,청주우체국,청주우체국,충북청주파4988,60,34313,33
296,진천우체국,광혜원우체국,충북진천가7422,48,46080.2,33
297,서청주우체국,서청주우체국,충북청주하6714,47,47116,33
298,음성우체국,음성동성우체국,충북음성라4136,48,46278,33
299,청주우체국,청주우체국,충북청주파4991,60,34215,33
300,예산우체국,예산우체국,충남예산가8917,38,56848,33
301,천안우체국,성환우체국,충남천안라0134,61,33160,33
302,논산우체국,논산연무우체국,충남논산바5073,48,46168,33
303,논산우체국,논산연무우체국,충남논산바5066,48,46323,33
304,금산우체국,금산우체국,충남금산마6783,38,55145,32
305,아산우체국,영인우체국,충남아산바3672,38,55679,32
306,청주우체국,오창과학단지우체국,충북청주하4481,52,41196,32
307,금산우체국,금산우체국,충남금산마6470,48,45110,32
308,예산우체국,예산덕산우체국,충남예산아3913,38,55144,32
309,대전둔산우체국,대전둔산우체국,대전서바0445,38,55973,32
310,천안우체국,성환우체국,충남천안라0213,52,40571,31
311,단양우체국,영춘우체국,충북단양가0137,38,54766,31
312,대전둔산우체국,대전둔산우체국,대전서파2967,60,32980,31
313,보령우체국,보령우체국,충남보령자5407,52,40302,31
314,진천우체국,진천우체국,충북진천가7426,48,44813,31
315,부여우체국,부여우체국,충남부여가1453,38,54655,31
316,세종우체국,조치원우체국,세종다5258,48,44471,31
317,부여우체국,임천우체국,충남부여가7599,38,54454,31
318,단양우체국,단양우체국,충북단양가1074,48,44865,31
319,보령우체국,오천우체국,보령자5410,52,39744,30
320,아산우체국,아산우체국,충남아산가0103,52,39050,30
321,보령우체국,오천우체국,충남보령자6305,38,53738,30
322,충주우체국,충주우체국,충북충주자7325,61,30477,30
323,청주우체국,청주우체국,충북청주파4990,60,31650,30
324,청주우체국,청주우체국,충북청주파4994,60,31832,30
325,부여우체국,임천우체국,충남부여가7601,38,53990,30
326,태안우체국,태안우체국,충남태안라3356,60,31197,30
327,보령우체국,보령우체국,충남보령자6300,38,53312,30
328,제천우체국,수산우체국,충북제천라7965,38,53982,30
329,대전우체국,대전우체국,대전동차7256,38,53326,30
330,서청주우체국,청주남이우체국,충북청주차0571,38,52828,29
331,금산우체국,금산우체국,충남금산마6784,38,52989,29
332,부여우체국,홍산우체국,충남부여가9531,48,42566,29
333,단양우체국,영춘우체국,충북단양가0138,38,52764,29
334,세종우체국,세종우체국,세종다5174,58,32345,29
335,대전우체국,대전우체국,대전동아7148,52,38700,29
336,논산우체국,논산우체국,충남논산바5058,48,42955,29
337,서산우체국,서산우체국,충남서산가5388,48,42336,29
338,세종우체국,조치원우체국,세종다5257,48,42651,29
339,논산우체국,논산연무우체국,충남논산바5071,48,42821,29
340,음성우체국,생극우체국,충북음성라4376,38,52019,29
341,서청주우체국,서청주우체국,청주파0848,60,30967,29
342,보은우체국,보은우체국,충북보은다6462,52,38190,29
343,옥천우체국,옥천우체국,충북옥천차0656,38,52170,29
344,대전대덕우체국,대전대덕우체국,대전대덕마5849,52,38675,29
345,부여우체국,홍산우체국,충남부여가1043,38,52614,29
346,대전대덕우체국,대전대덕우체국,대전대덕마5847,52,38629,29
347,아산우체국,영인우체국,충남아산바3675,38,52371,29
348,서산우체국,서산우체국,충남서산가5407,38,51990,28
349,충주우체국,충주우체국,충북충주자7373,52,37560,28
350,아산우체국,영인우체국,충남아산바3663,38,51690,28
351,논산우체국,논산우체국,충남논산바5057,48,41074,28
352,서산우체국,서산우체국,충남서산가5402,48,41058,28
353,옥천우체국,옥천우체국,충북옥천차0465,48,41695,28
354,괴산우체국,증평우체국,충북괴산가7017,48,41825,28
355,음성우체국,금왕우체국,충북음성라4134,48,41301,28
356,충주우체국,충주우체국,충북충주자7326,61,28466,28
357,논산우체국,논산연무우체국,충남논산바5069,48,41493,28
358,홍성우체국,홍성우체국,충남홍성타1728,38,51838,28
359,서청주우체국,서청주우체국,충북청주하6711,47,42961.8,28
360,제천우체국,제천우체국,충북제천라7967,38,51819,28
361,서청주우체국,서청주우체국,청주파0852,60,29469,28
362,아산우체국,아산우체국,충남아산가1968,60,29436,28
363,아산우체국,아산우체국,충남아산가0101,52,37833,28
364,부여우체국,홍산우체국,충남부여가1041,38,50500,27
365,영동우체국,영동우체국,충북영동가7013,38,50378,27
366,홍성우체국,홍성우체국,충남홍성타1506,48,40070,27
367,음성우체국,금왕우체국,충북음성라4378,38,50763,27
368,음성우체국,음성동성우체국,충북음성라3798,60,28946,27
369,세종우체국,세종우체국,세종다5255,48,40902,27
370,서청주우체국,서청주우체국,청주파0857,60,28888,27
371,아산우체국,아산우체국,충남아산가0115,47,41777,27
372,논산우체국,계룡금암동우체국,충남논산바5076,48,40751,27
373,서산우체국,해미우체국,충남서산가5412,38,50499,27
374,당진우체국,당진정미우체국,충남당진나7782,38,50755,27
375,청양우체국,정산우체국,충남청양가4511,48,40815,27
376,예산우체국,삽교우체국,충남예산나1445,38,50324,27
377,대전대덕우체국,대전대덕우체국,대전대덕마5848,52,36985,27
378,부여우체국,임천우체국,충남부여가7598,48,40470,27
379,부여우체국,부여우체국,충남부여가1452,38,50563,27
380,충주우체국,충주우체국,충북충주자8926,38,50285,27
381,서산우체국,서산우체국,충남서산가5373,60,28830,27
382,괴산우체국,증평우체국,충북괴산가6815,61,27001,27
383,동천안우체국,동천안우체국,충남천안하1349,60,28309,27
384,보령우체국,보령우체국,충남보령자6301,38,50813,27
385,동천안우체국,동천안우체국,충남천안하1327,61,27708,27
386,대전우체국,대전우체국,대전동파7063,61,27849,27
387,동천안우체국,동천안우체국,충남천안하1335,61,27446,27
388,보령우체국,보령우체국,충남보령자4949,61,27605,27
389,충주우체국,충주우체국,충북충주자8916,38,50368,27
390,청주우체국,청주우체국,충북청주파4997,60,27685,26
391,당진우체국,당진우체국,충남당진가1846,51,36500,26
392,옥천우체국,옥천우체국,충북옥천차0450,48,39919,26
393,보령우체국,보령우체국,충남보령자5612,48,39520,26
394,천안우체국,천안우체국,충남천안라0139,61,26367,26
395,음성우체국,생극우체국,충북음성라4375,38,49119,26
396,부여우체국,부여우체국,충남부여가1455,38,49988,26
397,보은우체국,보은우체국,충북보은다6529,48,39833,26
398,보은우체국,보은우체국,충북보은다6720,38,49496,26
399,서산우체국,서산우체국,충남서산가5375,52,35007,26
400,천안우체국,천안우체국,충남천안라0128,61,26146,26
401,부여우체국,임천우체국,충남부여가7602,38,49186,26
402,서청주우체국,서청주우체국,청주파0858,60,27489,26
403,대전둔산우체국,대전둔산우체국,대전서파2965,60,27440,26
404,영동우체국,영동우체국,충북영동가6790,61,26545,26
405,서청주우체국,서청주우체국,청주파0849,60,27214,26
406,논산우체국,연산우체국,충남논산바5459,38,49704,26
407,천안우체국,천안우체국,충남천안라0129,61,24932,25
408,청양우체국,정산우체국,충남청양가4582,38,48775,25
409,제천우체국,제천우체국,충북제천라7448,48,38545,25
410,동천안우체국,동천안우체국,충남천안하1328,61,25398,25
411,진천우체국,광혜원우체국,충북진천가7425,48,38686,25
412,동천안우체국,동천안우체국,충남천안하1332,61,25035,25
413,청양우체국,청양우체국,충남청양가4580,38,48154,25
414,대전둔산우체국,대전둔산우체국,대전서하2960,60,26255,25
415,동천안우체국,동천안우체국,충남천안하1342,61,25241,25
416,예산우체국,예산우체국,충남예산가8724,48,38313,25
417,천안우체국,천안우체국,충남천안라0208,52,34250,25
418,서청주우체국,서청주우체국,청주파0850,60,26888,25
419,천안우체국,천안우체국,충남천안라0141,61,24510,25
420,당진우체국,당진우체국,충남당진가1847,51,35678,25
421,옥천우체국,옥천우체국,충북옥천차0658,38,48821,25
422,대전우체국,대전우체국,대전동파7068,61,25476,25
423,아산우체국,아산우체국,충남아산바3670,38,48921,25
424,동천안우체국,동천안우체국,충남천안하1340,61,25017,25
425,청양우체국,정산우체국,충남청양가4583,38,48799,25
426,동천안우체국,동천안우체국,충남천안하1326,61,25817,25
427,아산우체국,아산우체국,충남아산가0119,47,39754,25
428,서산우체국,서산우체국,충남서산가5390,48,37740,24
429,금산우체국,금산우체국,충남금산마6469,48,37131,24
430,대전대덕우체국,대전대덕우체국,대전대덕마4544,61,24331,24
431,제천우체국,수산우체국,충북제천라7968,38,47352,24
432,동천안우체국,동천안우체국,충남천안하1330,61,24082,24
433,대전우체국,대전우체국,대전동하7003,60,25613,24
434,논산우체국,논산연무우체국,충남논산바5067,48,37980,24
435,음성우체국,음성우체국,충북음성라4132,48,37540,24
436,천안우체국,천안우체국,충남천안라0159,60,24710,24
437,청주우체국,청주우체국,충북청주하6610,48,37887,24
438,서산우체국,서산우체국,충남서산가5391,48,37350,24
439,논산우체국,논산연무우체국,충남논산바5070,48,37434,24
440,천안우체국,천안우체국,충남천안라0161,60,25434,24
441,충주우체국,충주우체국,충북충주자8858,48,37366,24
442,충주우체국,충주우체국,충북충주자8852,48,37274,24
443,홍성우체국,홍성우체국,충남홍성타1414,51,34899,24
444,논산우체국,논산우체국,충남논산바5461,38,46234,23
445,대전대덕우체국,대전대덕우체국,대전대덕마5851,52,32709,23
446,대전대덕우체국,대전대덕우체국,대전대덕마6506,48,36805,23
447,논산우체국,논산우체국,충남논산바5452,38,46097,23
448,대전둔산우체국,대전둔산우체국,대전서가0217,52,32147,23
449,옥천우체국,옥천우체국,충북옥천차0452,48,36530,23
450,서청주우체국,서청주우체국,청주파0851,60,24242,23
451,청양우체국,정산우체국,충남청양가4512,48,36097,23
452,서청주우체국,청주남이우체국,충북청주차0569,38,46826,23
453,대전둔산우체국,대전둔산우체국,대전서가0216,52,32135,23
454,세종우체국,조치원우체국,세종다5176,58,25172,22
455,서청주우체국,서청주우체국,충북청주하6709,47,36669,22
456,서산우체국,서산우체국,충남서산가5417,38,45645,22
457,음성우체국,음성우체국,충북음성라4126,48,35229,22
458,충주우체국,충주우체국,충북충주자8867,48,35432,22
459,당진우체국,당진정미우체국,충남당진나7784,38,45199,22
460,영동우체국,영동우체국,충북영동가6915,47,36887,22
461,당진우체국,당진우체국,충남당진가1840,51,32415,22
462,보령우체국,보령웅천우체국,보령자6308,38,45964,22
463,홍성우체국,홍성우체국 내포집배센터,충남홍성타1508,48,35467,22
464,당진우체국,당진우체국,충남당진가1842,51,32440,22
465,음성우체국,음성동성우체국,충북음성라4374,38,45790,22
466,대전우체국,대전우체국,대전동파7067,61,23172,22
467,논산우체국,논산우체국,충남논산바4484,52,31698,22
468,음성우체국,음성우체국,충북음성라4129,48,35604,22
469,부여우체국,부여우체국,충남부여가1451,38,44815,21
470,대전둔산우체국,대전둔산우체국,대전서파2970,60,23372,21
471,천안우체국,천안우체국,충남천안라0130,61,22806,21
472,충주우체국,주덕우체국,충북충주자8920,38,44648,21
473,보령우체국,오천우체국,충남보령자6306,38,44081,21
474,공주우체국,공주우체국,충남공주나8249,52,30606,21
475,대전대덕우체국,대전대덕우체국,대전대덕마6510,48,34231,21
476,충주우체국,충주우체국,충북충주자8919,38,44133,21
477,아산우체국,영인우체국,충남아산가1975,60,23337,21
478,세종우체국,조치원우체국,세종다5262,48,34258,21
479,음성우체국,음성동성우체국,충북음성라4137,48,34698,21
480,서청주우체국,서청주우체국,충북청주차0585,38,44160,21
481,아산우체국,아산우체국,충남아산바3664,38,43352,20
482,당진우체국,합덕우체국,충남당진가1849,51,30200,20
483,대전유성우체국,대전유성우체국,대전유성 나8103,47,34942,20
484,서천우체국,비인우체국,충남서천다5415,35,48563,20
485,대전대덕우체국,대전대덕우체국,대전대덕마6507,48,33645,20
486,보령우체국,보령우체국,충남보령자5609,48,33845,20
487,옥천우체국,옥천우체국,충북옥천차0456,48,33314,20
488,예산우체국,삽교우체국,충남예산나1448,38,43600,20
489,단양우체국,단양우체국,충북단양가0139,38,42276,19
490,아산우체국,영인우체국,충남아산바3674,38,42890,19
491,서천우체국,서천우체국,충남서천다5306,48,32675,19
492,충주우체국,충주우체국,충북충주자8854,48,32122,19
493,동천안우체국,동천안우체국,충남천안하1343,61,21910,19
494,음성우체국,음성우체국,충북음성라4379,38,42623,19
495,보령우체국,보령우체국,충남보령자6298,38,42391,19
496,대전둔산우체국,대전둔산우체국,대전서가0218,52,28057,19
497,부여우체국,부여우체국,충남부여가1445,48,32153,19
498,아산우체국,아산우체국,충남아산바3656,38,42902,19
499,천안우체국,천안우체국,충남천안라0156,60,22034,19
500,태안우체국,태안우체국,충남태안라3543,48,32835,19
501,태안우체국,안면우체국,충남태안라3488,52,28275,19
502,청주우체국,오창과학단지우체국,충북청주하6604,47,33885,19
503,논산우체국,논산연무우체국,충남논산바5457,38,42386,19
504,당진우체국,당진우체국,충남당진가1839,51,29550,19
505,영동우체국,황간우체국,충북영동가7014,38,42332,19
506,동천안우체국,동천안우체국,충남천안하1331,61,21932,19
507,괴산우체국,증평우체국,충북괴산가7016,48,31973,18
508,대전우체국,대전우체국,대전동파7065,61,21033,18
509,서대전우체국,서대전우체국,대전중바3187,48,31255,18
510,예산우체국,예산덕산우체국,충남예산아3914,38,41496,18
511,대전대덕우체국,대전대덕우체국,대전대덕마6509,48,31230,18
512,대전둔산우체국,대전둔산우체국,대전서차0251,48,31128,18
513,옥천우체국,옥천우체국,충북옥천차0655,38,41056,18
514,서산우체국,서산우체국,충남서산가5415,38,41504,18
515,서산우체국,서산우체국,충남서산가5414,38,41398,18
516,부여우체국,홍산우체국,충남부여가1042,38,41995,18
517,예산우체국,예산우체국,충남예산가8361,72,15761,18
518,아산우체국,아산우체국,충남아산가0113,47,32710,18
519,대전둔산우체국,대전둔산우체국,대전서차2833,72,15900,18
520,서청주우체국,서청주우체국,충북청주차0572,38,41270,18
521,아산우체국,아산우체국,충남아산가0102,52,26029,17
522,대전대덕우체국,대전대덕우체국,대전대덕마6508,48,30815,17
523,서산우체국,서산우체국,충남서산가5396,48,30253,17
524,천안우체국,성환우체국,충남천안가1728,38,40892,17
525,대전대덕우체국,대전대덕우체국,대전대덕마5850,52,26675,17
526,대전둔산우체국,대전둔산우체국,대전서차0264,47,31930,17
527,논산우체국,논산우체국,충남논산바5053,48,30549,17
528,논산우체국,계룡금암동우체국,충남논산바5079,48,30542,17
529,괴산우체국,증평우체국,충북괴산가6814,61,20825,17
530,서산우체국,서산우체국,충남서산가5406,38,40009,17
531,대전유성우체국,대전유성우체국,대전유성 가2595,47,31991,17
532,대전우체국,대전우체국,대전동아7144,52,26208,17
533,대전우체국,대전우체국,대전동파7069,61,20886,17
534,옥천우체국,옥천우체국,충북옥천차0652,38,39300,16
535,동천안우체국,동천안우체국,충남천안하1341,61,20026,16
536,태안우체국,태안우체국,충남태안라3547,48,29520,16
537,단양우체국,영춘우체국,충북단양가0136,38,39741,16
538,충주우체국,충주우체국,충북충주자8922,38,39171,16
539,서청주우체국,서청주우체국,청주파0854,60,20546,16
540,예산우체국,예산우체국,충남예산가8680,52,25672,16
541,서청주우체국,서청주우체국,청주파0855,60,20754,16
542,홍성우체국,홍성우체국 내포집배센터,충남홍성타1497,48,29597,16
543,대전둔산우체국,대전둔산우체국,대전서하2962,60,20565,16
544,당진우체국,당진우체국,충남당진나7448,47,30057,16
545,공주우체국,공주우체국,충남공주나8403,48,29111,16
546,대전유성우체국,대전유성우체국,대전유성 나8100,47,30656,16
547,대전유성우체국,대전유성우체국,대전유성 나8110,47,30568,16
548,대전유성우체국,대전유성우체국,대전유성 가2597,47,30040,16
549,공주우체국,공주우체국,충남공주나8251,52,25528,16
550,예산우체국,삽교우체국,충남예산나1450,38,38316,15
551,대전둔산우체국,대전둔산우체국,대전서하2959,60,20222,15
552,서청주우체국,서청주우체국,청주하4534,51,25231,15
553,서청주우체국,서청주우체국,충북청주하6710,47,29550,15
554,옥천우체국,옥천우체국,충북옥천차0451,48,28389,15
555,당진우체국,당진정미우체국,충남당진가1394,75,12988,15
556,논산우체국,논산우체국,충남논산바5455,38,37394,14
557,공주우체국,공주우체국,충남공주나8247,52,23856,14
558,아산우체국,아산우체국,충남아산바3657,38,37176,14
559,서천우체국,서천우체국,충남서천다5300,48,27860,14
560,당진우체국,당진우체국,충남당진나7442,47,28707,14
561,서청주우체국,서청주우체국,충북청주하6716,47,28220,14
562,당진우체국,당진우체국,충남당진나6890,61,19257,14
563,대전둔산우체국,대전둔산우체국,대전서파2968,60,19568,14
564,청주우체국,청주우체국,충북청주차0532,38,37033,14
565,서산우체국,서산우체국,충남서산가5374,52,23870,14
566,제천우체국,제천우체국,충북제천라7962,38,37976,14
567,서청주우체국,서청주우체국,충북청주하6715,47,28968,14
568,대전유성우체국,대전유성우체국,대전유성 나8114,47,28445,14
569,대전우체국,대전우체국,대전동아7150,52,23690,14
570,당진우체국,당진우체국,충남당진나7790,38,36952,13
571,아산우체국,아산우체국,충남아산바3666,38,36442,13
572,대전유성우체국,대전유성우체국,대전유성 나8102,47,27435,13
573,서천우체국,비인우체국,충남서천다5416,35,41434,13
574,서청주우체국,서청주우체국,충북청주하6712,47,27026,13
575,논산우체국,계룡금암동우체국,충남논산바5062,48,26357,13
576,아산우체국,영인우체국,충남아산바3673,38,36676,13
577,공주우체국,공주우체국,충남공주나8407,47,27427,13
578,대전우체국,대전우체국,대전동아7146,52,23170,13
579,충주우체국,충주우체국,충북충주자7375,52,23329,13
580,청양우체국,정산우체국,충남청양가4584,38,36345,13
581,서청주우체국,서청주우체국,충북청주하6708,47,27312,13
582,서대전우체국,서대전우체국,대전중바3188,48,26870,13
583,홍성우체국,홍성우체국,충남홍성타1500,48,26978,13
584,충주우체국,충주우체국,충북충주자8868,48,26219,13
585,충주우체국,충주우체국,충북충주자8853,48,26080,13
586,대전유성우체국,대전유성우체국,대전유성 나8111,47,27685,13
587,청주우체국,청주우체국,충북청주하6618,48,26355,13
588,서대전우체국,서대전우체국,대전중바3193,48,26687,13
589,천안우체국,천안우체국,충남천안라0436,48,26008,13
590,대전유성우체국,대전유성우체국,대전유성 나8112,47,27886,13
591,청주우체국,청주우체국,충북청주하6611,48,26635,13
592,대전둔산우체국,대전둔산우체국,대전서차0267,47,26569,12
593,청주우체국,오창과학단지우체국,충북청주파4993,60,18818,12
594,충주우체국,충주우체국,충북충주자8869,48,25656,12
595,청주우체국,청주우체국,충북청주하6620,48,25674,12
596,서산우체국,서산우체국,충남서산가5400,48,25893,12
597,청주우체국,청주우체국,충북청주하6617,48,25185,12
598,서청주우체국,서청주우체국,충북청주차0582,38,35770,12
599,아산우체국,영인우체국,충남아산바3676,38,35680,12
600,청주우체국,청주우체국,충북청주하6607,48,25010,12
601,서청주우체국,서청주우체국,청주하4535,51,23400,12
602,서천우체국,장항우체국,충남서천다5307,48,25068,12
603,대전유성우체국,대전유성우체국,대전유성 나8101,47,26854,12
604,천안우체국,성환우체국,충남천안가1729,38,35156,12
605,청주우체국,청주우체국,충북청주하4477,52,22780,12
606,청주우체국,청주우체국,충북청주하6616,48,24574,12
607,충주우체국,충주우체국,충북충주자8924,38,35820,12
608,서대전우체국,서대전우체국,대전중바3189,48,25960,12
609,충주우체국,충주우체국,충북충주자8860,48,25749,12
610,청주우체국,청주우체국,충북청주하6606,48,24950,12
611,제천우체국,제천우체국,충북제천라7449,48,25417,12
612,태안우체국,태안우체국,충남태안라3839,27,63490,11
613,충주우체국,충주우체국,충북충주자8918,38,34860,11
614,예산우체국,예산우체국,충남예산가8920,38,34643,11
615,대전둔산우체국,대전둔산우체국,대전서하2961,60,18075,11
616,동천안우체국,동천안우체국,충남천안하1336,61,17681,11
617,공주우체국,공주우체국,충남공주나8406,47,24773,11
618,서대전우체국,서대전우체국,대전중바3184,48,24360,11
619,대전둔산우체국,대전둔산우체국,대전서차0257,47,25002,11
620,대전유성우체국,대전유성우체국,대전유성 나8119,47,25879,11
621,제천우체국,제천우체국,충북제천라7969,38,34554,11
622,서청주우체국,서청주우체국,충북청주하6718,47,24865,11
623,동천안우체국,동천안우체국,충남천안하1392,47,25776,11
624,서청주우체국,서청주우체국,충북청주하6717,47,24702,11
625,서청주우체국,서청주우체국,충북청주하6713,47,24928,11
626,서청주우체국,서청주우체국,충북청주하6719,47,25682,11
627,세종우체국,세종우체국,세종다5366,38,34652,11
628,충주우체국,충주우체국,충북충주자7376,52,22279,11
629,충주우체국,충주우체국,충북충주자7328,61,17560,11
630,청주우체국,오창과학단지우체국,충북청주하6619,47,25863,11
631,홍성우체국,홍성우체국 내포집배센터,충남홍성타1726,38,33218,10
632,당진우체국,당진우체국,충남당진가1843,51,22015,10
633,서천우체국,비인우체국,충남서천다5417,35,38349,10
634,동천안우체국,동천안우체국,충남천안하0939,51,22009,10
635,논산우체국,계룡금암동우체국,충남논산바5074,48,23771,10
636,서청주우체국,서청주우체국,충북청주차0584,38,33160,10
637,서산우체국,서산대산우체국,충남서산가5405,48,23611,10
638,보령우체국,보령우체국,충남보령자6304,38,32155,9
639,공주우체국,공주우체국,충남공주하1206,48,23148,9
640,천안우체국,천안우체국,충남천안라0439,48,23134,9
641,청주우체국,오창과학단지우체국,충북청주차0547,38,32326,9
642,당진우체국,당진우체국,충남당진나7778,38,32766,9
643,서대전우체국,서대전우체국,대전중바3192,48,23288,9
644,충주우체국,충주우체국,충북충주자7377,52,21158,9
645,대전유성우체국,대전유성우체국,대전유성 나8104,47,23670,9
646,부여우체국,부여우체국,충남부여가1450,38,32288,9
647,아산우체국,아산우체국,충남아산바3658,38,31507,8
648,천안우체국,천안우체국,충남천안라0442,48,22737,8
649,청양우체국,정산우체국,충남청양가4509,48,22593,8
650,음성우체국,금왕우체국,충북음성라3906,60,16816,8
651,서산우체국,서산우체국,충남서산가5408,38,31165,8
652,충주우체국,충주우체국,충북충주자8870,48,22932,8
653,옥천우체국,옥천우체국,충북옥천차0659,38,31529,8
654,청주우체국,청주우체국,충북청주하6614,48,22350,7
655,대전둔산우체국,대전둔산우체국,대전서차0260,47,22800,7
656,대전유성우체국,대전유성우체국,대전유성 사8020,38,30018,7
657,서천우체국,장항우체국,충남서천다5418,38,30449.9,7
658,동천안우체국,동천안우체국,충남천안하0940,51,20575,7
659,충주우체국,충주우체국,충북충주자7374,52,20474,7
660,세종우체국,세종우체국,세종다5365,38,30404,7
661,대전대덕우체국,대전대덕우체국,대전대덕마9005,38,30161,7
662,홍성우체국,홍성우체국,충남홍성타1732,38,30780,7
663,부여우체국,부여우체국,충남부여가1443,48,22422,7
664,서천우체국,장항우체국,충남서천다5302,48,22024,7
665,서청주우체국,서청주우체국,충북청주차0583,38,29067,6
666,대전유성우체국,대전유성우체국,대전유성 가2599,47,22291,6
667,대전유성우체국,대전유성우체국,대전유성 나8116,47,22081,6
668,아산우체국,아산우체국,충남아산바3668,38,29120,6
669,제천우체국,제천우체국,충북제천라7966,38,29656,6
670,대전유성우체국,대전유성우체국,대전유성 사8031,38,29075,6
671,대전유성우체국,대전유성우체국,대전유성 나8105,47,22432,6
672,충주우체국,충주우체국,충북충주자8914,38,29729,6
673,세종우체국,조치원우체국,세종다5260,48,21929,6
674,대전유성우체국,대전유성우체국,대전유성 파1369,52,19129,5
675,청주우체국,청주우체국,충북청주하6609,48,21378,5
676,청주우체국,청주우체국,충북청주하6613,48,21428,5
677,대전우체국,대전우체국,대전동아7147,52,19305,5
678,세종우체국,조치원우체국,세종다5261,48,21006,5
679,태안우체국,태안우체국,충남태안라3841,27,57457,5
680,대전우체국,대전우체국,대전동타7159,47,21853,5
681,홍성우체국,홍성우체국,충남홍성타1727,38,28238,5
682,진천우체국,진천우체국,충북진천가7674,38,28706,5
683,괴산우체국,증평우체국,충북괴산가7150,38,28968,5
684,충주우체국,충주우체국,충북충주자8871,48,21207,5
685,보령우체국,보령우체국,충남보령자6299,38,28115,5
686,대전대덕우체국,대전대덕우체국,대전대덕마9015,38,28322,5
687,대전우체국,대전우체국,대전동타7155,47,21847,5
688,아산우체국,아산우체국,충남아산바3660,38,27367,4
689,동천안우체국,동천안우체국,충남천안하1397,47,21111,4
690,대전유성우체국,대전유성우체국,대전유성 파1370,52,19000,4
691,서천우체국,서천우체국,충남서천다5412,38,27445,4
692,청주우체국,청주우체국,충북청주하6605,48,20684,4
693,대전유성우체국,대전유성우체국,대전유성 사8033,38,27593,4
694,서산우체국,서산우체국,충남서산가5418,38,27249,4
695,서대전우체국,서대전우체국,대전중바3191,48,20730,4
696,대전대덕우체국,대전대덕우체국,대전대덕마9009,38,27200,4
697,서청주우체국,서청주우체국,충북청주차0575,38,27531,4
698,대전유성우체국,대전유성우체국,대전유성 나8113,47,21305,4
699,대전우체국,대전우체국,대전동타7161,47,21349,4
700,대전대덕우체국,대전대덕우체국,대전대덕마9008,38,27193,4
701,청주우체국,청주우체국,충북청주차0549,38,27696,4
702,천안우체국,천안우체국,충남천안라0438,48,20625,4
703,아산우체국,아산우체국,충남아산가0112,47,21384,4
704,대전우체국,대전우체국,대전동아7149,52,18432,3
705,옥천우체국,옥천우체국,충북옥천차0653,38,26376,3
706,동천안우체국,동천안우체국,충남천안하1395,47,20578,3
707,대전대덕우체국,대전대덕우체국,대전대덕마9007,38,26020,3
708,음성우체국,음성우체국,충북음성라4380,38,26484,3
709,천안우체국,성환우체국,충남천안라0135,61,13732,3
710,대전우체국,대전우체국,대전동타7154,47,20695,3
711,동천안우체국,동천안우체국,충남천안하1398,47,20713,3
712,청주우체국,청주우체국,충북청주차0551,38,26923,3
713,음성우체국,음성동성우체국,충북음성라4377,38,25044,2
714,대전대덕우체국,대전대덕우체국,대전대덕마9004,38,24583,2
715,보령우체국,보령우체국,충남보령자6302,38,24806,2
716,태안우체국,태안우체국,충남태안라3837,27,54739,2
717,대전유성우체국,대전유성우체국,대전유성 사8027,38,25835,2
718,서산우체국,서산우체국,충남서산가5395,48,19620,2
719,옥천우체국,옥천우체국,충북옥천차0654,38,25148,2
720,논산우체국,논산우체국,충남논산바5059,48,19508,2
721,홍성우체국,홍성우체국 내포집배센터,충남홍성타1733,38,25292,2
722,아산우체국,아산우체국,충남아산바3661,38,24784,2
723,대전대덕우체국,대전대덕우체국,대전대덕마6505,48,19505,2
724,대전둔산우체국,대전둔산우체국,대전서바0446,38,25235,2
725,대전유성우체국,대전유성우체국,대전유성 나8107,47,20284,2
726,대전우체국,대전우체국,대전동타7156,47,20149,2
727,대전우체국,대전우체국,대전동타7158,47,20244,2
728,대전우체국,대전우체국,대전동차7260,38,25339,2
729,대전둔산우체국,대전둔산우체국,대전서바0430,38,25165,2
730,대전유성우체국,대전유성우체국,대전유성 가2596,47,19827,1
731,당진우체국,합덕우체국,충남당진나8209,26,56034,1
732,대전유성우체국,대전유성우체국,대전유성 나8109,47,19800,1
733,대전우체국,대전우체국,대전동파7062,61,12510,1
734,서산우체국,서산우체국,충남서산가5409,38,24262,1
735,천안우체국,천안우체국,충남천안라0440,48,19183,1
736,예산우체국,예산우체국,충남예산가8722,48,18519,0
737,서청주우체국,서청주우체국,청주파0999,60,12946,0
738,청주우체국,청주우체국,충북청주차0538,38,23890,0
739,예산우체국,예산우체국,충남예산가8725,48,18767,0
740,천안우체국,천안우체국,충남천안라0434,48,18839,0
741,서대전우체국,서대전우체국,대전중바6687,38,23193,-1
742,아산우체국,아산우체국,충남아산바3662,38,23107,-1
743,대전둔산우체국,대전둔산우체국,대전서가0214,52,16004,-1
744,당진우체국,당진우체국,충남당진나7779,38,23460,-1
745,대전대덕우체국,대전대덕우체국,대전대덕마9006,38,23337,-1
746,청주우체국,청주우체국,충북청주하6615,48,18369,-1
747,대전둔산우체국,대전둔산우체국,대전서차0258,47,18425,-2
748,청주우체국,청주우체국,충북청주차0552,38,22727,-2
749,서대전우체국,서대전우체국,대전중바6686,38,22864,-2
750,공주우체국,공주우체국,충남공주나8751,38,22521,-2
751,대전우체국,대전우체국,대전동타7160,47,18306,-2
752,괴산우체국,괴산우체국,충북괴산가7355,26,53871,-2
753,대전둔산우체국,대전둔산우체국,대전서바0431,38,22103,-3
754,서청주우체국,서청주우체국,충북청주하6707,47,17919,-3
755,청양우체국,청양우체국,충남청양가4647,27,49281,-3
756,대전유성우체국,대전유성우체국,대전유성 사8026,38,22222,-3
757,천안우체국,천안우체국,충남천안라0437,48,17380,-3
758,대전둔산우체국,대전둔산우체국,대전서가0215,52,15328,-3
759,대전유성우체국,대전유성우체국,대전유성 나8118,47,17788,-3
760,서대전우체국,서대전우체국,대전중바6689,38,22188,-3
761,청양우체국,청양우체국,충남청양가4648,27,49658,-3
762,태안우체국,태안우체국,충남태안라3842,27,49602,-3
763,대전둔산우체국,대전둔산우체국,대전서차0256,47,17375,-4
764,대전유성우체국,대전유성우체국,대전유성 가2598,47,17235,-4
765,괴산우체국,괴산우체국,충북괴산가7356,26,51315,-4
766,예산우체국,예산우체국,충남예산가8919,38,21757,-4
767,동천안우체국,동천안우체국,충남천안하1391,47,17192,-4
768,대전둔산우체국,대전둔산우체국,대전서바0440,38,21774,-4
769,부여우체국,임천우체국,충남부여가7604,27,48305,-4
770,홍성우체국,홍성우체국,충남홍성타1504,48,16929,-4
771,대전둔산우체국,대전둔산우체국,대전서바0443,38,21722,-4
772,서산우체국,서산우체국,충남서산가5425,26,50408,-5
773,대전대덕우체국,대전대덕우체국,대전대덕마9010,38,21299,-5
774,동천안우체국,동천안우체국,충남천안하1390,47,16605,-5
775,논산우체국,논산우체국,충남논산바5458,38,21402,-5
776,대전둔산우체국,대전둔산우체국,대전서바0433,38,21095,-5
777,대전둔산우체국,대전둔산우체국,대전서바0439,38,21072,-5
778,공주우체국,공주우체국,충남공주나9148,26,50362,-5
779,청주우체국,청주우체국,충북청주차0539,38,21415,-5
780,충주우체국,충주우체국,충북충주자8917,38,21092,-5
781,태안우체국,안면우체국,충남태안라3840,27,47162,-5
782,대전유성우체국,대전유성우체국,대전유성 나8115,47,16512,-5
783,서천우체국,장항우체국,충남서천다5301,48,16029,-5
784,보은우체국,보은우체국,충북보은다6927,27,46134,-6
785,서대전우체국,서대전우체국,대전중바3186,48,15870,-6
786,대전유성우체국,대전유성우체국,대전유성 나8106,47,16295,-6
787,대전둔산우체국,대전둔산우체국,대전서바0452,38,20889,-6
788,대전우체국,대전우체국,대전동차7258,38,20744,-6
789,서산우체국,서산우체국,충남서산가5416,38,20768,-6
790,서대전우체국,서대전우체국,대전중바3190,48,15694,-6
791,대전대덕우체국,대전대덕우체국,대전대덕마9014,38,20566,-6
792,대전유성우체국,대전유성우체국,대전유성 사8019,38,20930,-6
793,대전둔산우체국,대전둔산우체국,대전서바0436,38,20835,-6
794,보령우체국,보령우체국,충남보령자6303,38,20864,-6
795,동천안우체국,동천안우체국,충남천안하1394,47,15899,-7
796,대전우체국,대전우체국,대전동차7261,38,20372,-7
797,예산우체국,삽교우체국,충남예산나1505,26,48100,-7
798,논산우체국,논산우체국,충남논산바5061,48,15379,-7
799,대전대덕우체국,대전대덕우체국,대전대덕마9012,38,20130,-7
800,청주우체국,청주우체국,충북청주차0553,38,20260,-7
801,대전우체국,대전우체국,대전동차7259,38,20293,-7
802,서천우체국,한산우체국,충남서천다5581,27,45075,-7
803,괴산우체국,괴산우체국,충북괴산가7358,26,48213,-7
804,서대전우체국,서대전우체국,대전중바6692,38,20314,-7
805,보령우체국,보령우체국,충남보령자6297,38,19990,-8
806,태안우체국,태안우체국,충남태안라3838,27,44997,-8
807,대전둔산우체국,대전둔산우체국,대전서차0255,47,15395,-8
808,대전유성우체국,대전유성우체국,대전유성 사8034,38,19519,-8
809,괴산우체국,증평우체국,충북괴산가7149,38,19886,-8
810,공주우체국,공주우체국,충남공주나9142,26,47245,-8
811,제천우체국,제천우체국,충북제천라8498,27,44973,-8
812,대전둔산우체국,대전둔산우체국,대전서차0263,47,15283,-8
813,충주우체국,주덕우체국,충북충주사0871,26,47594,-8
814,서청주우체국,서청주우체국,충북청주차0576,38,19800,-8
815,서청주우체국,서청주우체국,충북청주차0586,38,19984,-8
816,보은우체국,보은우체국,충북보은다6931,27,44226,-8
817,청주우체국,청주우체국,충북청주차0542,38,19314,-9
818,당진우체국,당진우체국,충남당진가1844,51,12929,-9
819,제천우체국,제천우체국,충북제천라7964,38,19399,-9
820,진천우체국,진천우체국,충북진천가7972,26,46022,-9
821,대전둔산우체국,대전둔산우체국,대전서차0262,47,14865,-9
822,천안우체국,천안우체국,충남천안가1725,38,19110,-9
823,괴산우체국,괴산우체국,충북괴산가7357,26,46870,-9
824,제천우체국,수산우체국,충북제천라8502,27,43597,-9
825,세종우체국,세종우체국,세종다5497,27,43264,-9
826,청주우체국,청주우체국,충북청주차0544,38,19320,-9
827,부여우체국,부여우체국,충남부여가1454,38,19330,-9
828,동천안우체국,동천안우체국,충남천안하1393,47,14976,-9
829,논산우체국,논산우체국,충남논산바5464,38,19368,-9
830,부여우체국,부여우체국,충남부여가1449,38,19261,-9
831,대전유성우체국,대전유성우체국,대전유성 나8117,47,14670,-9
832,청주우체국,청주우체국,충북청주차0531,38,18724,-10
833,대전우체국,대전우체국,대전동차7265,38,18562,-10
834,대전둔산우체국,대전둔산우체국,대전서바0444,38,18640,-10
835,청양우체국,청양우체국,충남청양가4581,38,18524,-10
836,서청주우체국,서청주우체국,충북청주차0573,38,18904,-10
837,대전우체국,대전우체국,대전동차7264,38,18623,-10
838,대전둔산우체국,대전둔산우체국,대전서차0259,47,14475,-10
839,청주우체국,청주우체국,충북청주차0554,38,18942,-10
840,세종우체국,조치원우체국,세종다5259,48,13950,-10
841,청주우체국,청주우체국,충북청주차0546,38,18800,-10
842,충주우체국,충주우체국,충북충주자8915,38,18977,-10
843,보령우체국,보령웅천우체국,충남보령자6911,26,44265,-11
844,충주우체국,주덕우체국,충북충주사0874,26,44632,-11
845,제천우체국,제천우체국,충북제천라7971,38,18362,-11
846,부여우체국,부여우체국,충남부여가1459,27,41053,-11
847,대전유성우체국,대전유성우체국,대전유성 나8108,47,13564,-11
848,대전대덕우체국,대전대덕우체국,대전대덕마9013,38,18198,-11
849,서천우체국,서천우체국,충남서천다5819,47,13715,-11
850,대전둔산우체국,대전둔산우체국,대전서차0253,48,13265,-11
851,서대전우체국,서대전우체국,대전중바6688,38,18494,-11
852,영동우체국,영동우체국,충북영동가7143,26,44370,-11
853,서청주우체국,서청주우체국,충북청주차0574,38,17959,-12
854,청주우체국,오창과학단지우체국,충북청주차0540,38,17938,-12
855,충주우체국,충주우체국,충북충주자8913,38,17723,-12
856,대전대덕우체국,대전대덕우체국,대전대덕마9011,38,17572,-12
857,대전둔산우체국,대전둔산우체국,대전서바0437,38,17560,-12
858,청주우체국,오창과학단지우체국,충북청주차0534,38,17756,-12
859,서산우체국,서산우체국,충남서산가5423,26,43176,-12
860,대전유성우체국,대전유성우체국,대전유성 사8025,38,17663,-12
861,서청주우체국,서청주우체국,충북청주차0580,38,17619,-12
862,보령우체국,보령웅천우체국,충남보령자6916,26,43686,-12
863,서산우체국,서산우체국,충남서산가5410,38,17325,-13
864,당진우체국,당진정미우체국,충남당진나8207,26,42825,-13
865,충주우체국,충주우체국,충북충주자8923,38,17057,-13
866,서청주우체국,서청주우체국,충북청주차0588,38,17403,-13
867,청주우체국,청주우체국,충북청주나7262,26,42493,-13
868,진천우체국,진천우체국,충북진천가7971,26,42178,-13
869,청양우체국,청양우체국,충남청양가4644,27,39499,-13
870,아산우체국,아산우체국,충남아산바3671,38,17255,-13
871,서대전우체국,서대전우체국,대전중바6693,38,17490,-13
872,대전둔산우체국,대전둔산우체국,대전서차0261,47,12580,-13
873,대전둔산우체국,대전둔산우체국,대전서바0448,38,17186,-13
874,서청주우체국,청주남이우체국,충북청주나7339,26,42544,-13
875,서청주우체국,서청주우체국,충북청주차0577,38,17269,-13
876,진천우체국,진천우체국,충북진천가7673,38,17249,-13
877,대전둔산우체국,대전둔산우체국,대전서차0266,47,12418,-14
878,서대전우체국,서대전우체국,대전중바6690,38,16669,-14
879,동천안우체국,동천안우체국,충남천안하1563,38,16900,-14
880,공주우체국,공주우체국,충남공주나9143,26,41714,-14
881,천안우체국,천안우체국,충남천안가1721,38,16740,-14
882,서청주우체국,서청주우체국,충북청주차0587,38,16674,-14
883,제천우체국,제천우체국,충북제천라7963,38,16538,-14
884,서청주우체국,서청주우체국,충북청주차0579,38,17000,-14
885,금산우체국,금산우체국,충남금산마7168,26,41738,-14
886,천안우체국,천안우체국,충남천안가1715,38,16704,-14
887,대전유성우체국,대전유성우체국,대전유성 사8021,38,16200,-15
888,태안우체국,태안우체국,충남태안라3843,27,37748,-15
889,괴산우체국,괴산우체국,충북괴산가7359,26,40968,-15
890,예산우체국,예산덕산우체국,충남예산아3964,26,40027,-15
891,대전유성우체국,대전유성우체국,대전유성 사8032,38,16184,-15
892,아산우체국,아산우체국,충남아산바3669,38,16433,-15
893,천안우체국,천안우체국,충남천안가1717,38,16231,-15
894,괴산우체국,괴산우체국,충북괴산가7362,26,40519,-15
895,옥천우체국,옥천우체국,충북옥천차0910,27,36540,-16
896,천안우체국,천안우체국,충남천안가1724,38,15888,-16
897,동천안우체국,동천안우체국,충남천안하1562,38,15932,-16
898,보은우체국,보은우체국,충북보은다6928,27,36185,-16
899,예산우체국,예산우체국,충남예산가8918,38,15962,-16
900,예산우체국,예산우체국,충남예산가8921,38,15981,-16
901,홍성우체국,홍성우체국,충남홍성타2054,26,39606,-16
902,서산우체국,해미우체국,충남서산가5422,26,39660,-16
903,대전우체국,대전우체국,대전동차7266,38,15912,-16
904,예산우체국,예산우체국,충남예산가9122,26,38190,-17
905,예산우체국,삽교우체국,충남예산나1504,26,38920.1,-17
906,세종우체국,세종우체국,세종다5496,27,35879,-17
907,예산우체국,삽교우체국,충남예산나1503,26,38453,-17
908,세종우체국,세종우체국,세종다5498,27,35734,-17
909,서천우체국,한산우체국,충남서천다5579,27,35194,-17
910,보령우체국,오천우체국,충남보령자6909,26,38051,-17
911,당진우체국,합덕우체국,충남당진가1653,60,4060,-17
912,대전우체국,대전우체국,대전동차7262,38,15460,-17
913,보령우체국,보령웅천우체국,충남보령자6918,26,38422,-17
914,대전둔산우체국,대전둔산우체국,대전서차0265,47,10737,-17
915,서청주우체국,서청주우체국,충북청주차0578,38,15027,-17
916,청주우체국,청주우체국,충북청주차0550,38,15071,-17
917,동천안우체국,동천안우체국,충남천안하1561,38,15012,-17
918,논산우체국,논산우체국,충남논산바5463,38,15134,-17
919,홍성우체국,홍성우체국,충남홍성타2051,26,37489,-18
920,청양우체국,청양우체국,충남청양가4645,27,34632,-18
921,논산우체국,논산우체국,충남논산바5454,38,14815,-18
922,아산우체국,아산우체국,충남아산바3667,38,14885,-18
923,대전유성우체국,대전유성우체국,대전유성 파8050,27,34049,-18
924,아산우체국,영인우체국,충남아산가1970,60,3752,-18
925,보령우체국,오천우체국,충남보령자6913,26,37967,-18
926,천안우체국,천안우체국,충남천안가1726,38,14807,-18
927,세종우체국,조치원우체국,세종다5486,27,34680,-18
928,괴산우체국,괴산우체국,충북괴산가7360,26,37213,-18
929,대전유성우체국,대전유성우체국,대전유성 사8029,38,14580,-18
930,제천우체국,제천우체국,충북제천라8497,27,34880,-18
931,단양우체국,영춘우체국,충북단양가0235,26,37571,-18
932,보령우체국,오천우체국,충남보령자6908,26,37995,-18
933,청주우체국,청주우체국,충북청주나7272,26,36488,-19
934,청주우체국,청주우체국,충북청주차0541,38,14200,-19
935,아산우체국,영인우체국,충남아산바5358,26,36801,-19
936,천안우체국,천안우체국,충남천안가1727,38,14039,-19
937,옥천우체국,옥천우체국,충북옥천차0908,27,33103,-19
938,청주우체국,청주우체국,충북청주차0545,38,14305,-19
939,옥천우체국,옥천우체국,충북옥천차0906,27,33450,-19
940,대전둔산우체국,대전둔산우체국,대전서바0441,38,14252,-19
941,음성우체국,음성우체국,충북음성라4494,26,36417,-19
942,예산우체국,예산덕산우체국,충남예산아3962,26,36953,-19
943,당진우체국,합덕우체국,충남당진나8203,26,36394,-19
944,서천우체국,서천우체국,충남서천다5567,27,33851,-19
945,아산우체국,아산우체국,충남아산바3665,38,14338,-19
946,청양우체국,정산우체국,충남청양가4640,27,32700,-20
947,대전우체국,대전우체국,대전동차7257,38,13792,-20
948,아산우체국,영인우체국,충남아산바5363,26,35596,-20
949,영동우체국,영동우체국,충북영동가7147,26,35697,-20
950,대전유성우체국,대전유성우체국,대전유성 사8023,38,13876,-20
951,옥천우체국,옥천우체국,충북옥천차0905,27,32240,-20
952,단양우체국,영춘우체국,충북단양가0236,26,35850,-20
953,대전유성우체국,대전유성우체국,대전유성 사8022,38,13667,-20
954,서천우체국,장항우체국,충남서천다5419,38,13901.5,-20
955,음성우체국,음성동성우체국,충북음성라4602,26,35045,-20
956,청양우체국,정산우체국,충남청양가4641,27,32925,-20
957,대전유성우체국,대전유성우체국,대전유성 사8028,38,14000,-20
958,세종우체국,세종우체국,세종다5491,27,32813,-20
959,당진우체국,합덕우체국,충남당진나8204,26,35391,-20
960,청주우체국,청주우체국,충북청주나7269,26,35630,-20
961,서산우체국,서산우체국,충남서산가5419,26,35870,-20
962,서청주우체국,서청주우체국,충북청주차0581,38,13082,-21
963,천안우체국,성환우체국,충남천안가2323,27,31254,-21
964,청양우체국,청양우체국,충남청양가4642,27,31099,-21
965,대전우체국,대전우체국,대전동차7263,38,13358,-21
966,세종우체국,조치원우체국,세종다5368,38,13430,-21
967,천안우체국,천안우체국,충남천안가1718,38,13212,-21
968,천안우체국,천안우체국,충남천안가1720,38,13357,-21
969,천안우체국,성환우체국,충남천안가2326,27,31665,-21
970,논산우체국,연산우체국,충남논산바5462,38,13199,-21
971,예산우체국,예산덕산우체국,충남예산아3963,26,34907,-21
972,당진우체국,당진우체국,충남당진나8206,26,34023,-21
973,대전둔산우체국,대전둔산우체국,대전서바0435,38,13280,-21
974,세종우체국,세종우체국,세종다5495,27,31748,-21
975,제천우체국,제천우체국,충북제천라8499,27,31005,-21
976,논산우체국,논산우체국,충남논산바5841,27,30227,-22
977,천안우체국,성환우체국,충남천안가2328,27,30755,-22
978,천안우체국,성환우체국,충남천안가2329,27,30505,-22
979,대전둔산우체국,대전둔산우체국,대전서바0434,38,12782,-22
980,음성우체국,음성동성우체국,충북음성라4610,26,33503,-22
981,음성우체국,음성동성우체국,충북음성라4496,26,33795,-22
982,당진우체국,합덕우체국,충남당진나7788,38,12635,-22
983,대전둔산우체국,대전둔산우체국,대전서바0442,38,12812,-22
984,영동우체국,황간우체국,충북영동가7144,26,33029,-22
985,천안우체국,천안우체국,충남천안가1723,38,12657,-22
986,논산우체국,논산우체국,충남논산바5838,27,30799,-22
987,서청주우체국,서청주우체국,충북청주나7345,26,33353,-22
988,당진우체국,합덕우체국,충남당진가1838,51,6240,-22
989,대전둔산우체국,대전둔산우체국,대전서바0447,38,12173,-23
990,서대전우체국,서대전우체국,대전중바6691,38,12446,-23
991,대전유성우체국,대전유성우체국,대전유성 사8024,38,12261,-23
992,논산우체국,논산우체국,충남논산바5465,38,12240,-23
993,청주우체국,오창과학단지우체국,충북청주차0537,38,12371,-23
994,대전둔산우체국,대전둔산우체국,대전서바0451,38,12189,-23
995,천안우체국,천안우체국,충남천안가1716,38,12238,-23
996,천안우체국,성환우체국,충남천안가2327,27,29391,-23
997,진천우체국,진천우체국,충북진천가7974,26,32874,-23
998,충주우체국,주덕우체국,충북충주사0870,26,32970,-23
999,서천우체국,한산우체국,충남서천다5580,27,29202,-23
1000,서산우체국,서산대산우체국,충남서산가5420,26,31399,-24
1001,서천우체국,서천우체국,충남서천다5568,27,28901,-24
1002,천안우체국,천안우체국,충남천안가1722,38,11785,-24
1003,논산우체국,논산우체국,충남논산바5453,38,11830,-24
1004,당진우체국,당진우체국,충남당진나8208,26,31117,-24
1005,청양우체국,청양우체국,충남청양가4646,27,28219,-24
1006,단양우체국,단양우체국,충북단양가0233,26,31950,-24
1007,서산우체국,서산우체국,충남서산가5383,48,6772,-24
1008,충주우체국,충주우체국,충북충주사0875,26,31584,-24
1009,세종우체국,세종우체국,세종다5493,27,28908,-24
1010,세종우체국,세종우체국,세종다5484,27,28992,-24
1011,청주우체국,오창과학단지우체국,충북청주차0535,38,11228,-25
1012,음성우체국,생극우체국,충북음성라4603,26,30274,-25
1013,제천우체국,수산우체국,충북제천라8500,27,27546,-25
1014,서산우체국,서산우체국,충남서산가5426,26,30360,-25
1015,단양우체국,단양우체국,충북단양가0232,26,30545,-25
1016,진천우체국,광혜원우체국,충북진천가7424,48,6337,-25
1017,괴산우체국,증평우체국,충북괴산가7363,26,29818,-26
1018,청주우체국,청주우체국,충북청주나7271,26,29776,-26
1019,제천우체국,제천우체국,충북제천라8501,27,26863,-26
1020,천안우체국,성환우체국,충남천안가2325,27,26827,-26
1021,논산우체국,논산우체국,충남논산바5837,27,26443,-26
1022,대전둔산우체국,대전둔산우체국,대전서바0432,38,10613,-26
1023,대전둔산우체국,대전둔산우체국,대전서바0449,38,10502,-26
1024,대전둔산우체국,대전둔산우체국,대전서바0429,38,10170,-27
1025,대전우체국,대전우체국,대전동차7255,38,10014,-27
1026,서청주우체국,서청주우체국,충북청주나7296,26,28387,-27
1027,당진우체국,당진우체국,충남당진나8201,26,28721,-27
1028,음성우체국,음성우체국,충북음성라4604,26,28132,-27
1029,충주우체국,충주우체국,충북충주사0876,26,28034,-27
1030,청주우체국,청주우체국,충북청주나7263,26,28711,-27
1031,대전둔산우체국,대전둔산우체국,대전서바0438,38,10024,-27
1032,아산우체국,아산우체국,충남아산바5357,26,27406,-28
1033,서산우체국,서산우체국,충남서산가5427,26,27976,-28
1034,대전둔산우체국,대전둔산우체국,대전서바0450,38,9610,-28
1035,음성우체국,금왕우체국,충북음성라4495,26,27402,-28
1036,아산우체국,아산우체국,충남아산바5370,26,27959,-28
1037,홍성우체국,광천우체국,충남홍성타2050,26,27936,-28
1038,단양우체국,단양우체국,충북단양가0234,26,27884,-28
1039,서천우체국,서천우체국,충남서천다5569,27,24471,-28
1040,음성우체국,음성우체국,충북음성라4606,26,26899,-29
1041,홍성우체국,홍성우체국,충남홍성타2057,26,26197,-29
1042,영동우체국,영동우체국,충북영동가7146,26,26119,-29
1043,아산우체국,아산우체국,충남아산바5377,26,26600,-29
1044,서청주우체국,서청주우체국,충북청주나7343,26,26938,-29
1045,대전둔산우체국,대전둔산우체국,대전서차0252,48,4241,-29
1046,아산우체국,아산우체국,충남아산바5376,26,26600,-29
1047,예산우체국,삽교우체국,충남예산나1502,26,26820,-29
1048,청주우체국,청주우체국,충북청주나7273,26,26801,-29
1049,서산우체국,서산우체국,충남서산가5428,26,26381,-29
1050,음성우체국,금왕우체국,충북음성라4601,26,26865,-29
1051,당진우체국,합덕우체국,충남당진나7443,47,4483,-30
1052,서청주우체국,서청주우체국,충북청주나7342,26,25180,-30
1053,아산우체국,영인우체국,충남아산바5367,26,25235,-30
1054,괴산우체국,청천우체국,충북괴산가7151,38,8715,-30
1055,아산우체국,아산우체국,충남아산바5355,26,25154,-30
1056,제천우체국,제천우체국,충북제천라8503,27,23254,-30
1057,괴산우체국,괴산우체국,충북괴산가7361,26,25156,-30
1058,당진우체국,당진우체국,충남당진나8202,26,24229,-31
1059,대전우체국,대전우체국,대전동라9275,27,22574,-31
1060,논산우체국,논산우체국,충남논산바5839,27,22610,-31
1061,아산우체국,아산우체국,충남아산바5375,26,23740,-32
1062,보령우체국,보령우체국,충남보령자6914,26,23847,-32
1063,아산우체국,영인우체국,충남아산바5371,26,23904,-32
1064,단양우체국,단양우체국,충북단양가0231,26,23949,-32
1065,대전대덕우체국,대전대덕우체국,대전대덕자1629,27,22083,-32
1066,대전유성우체국,대전유성우체국,대전유성 사8030,38,7140,-33
1067,세종우체국,세종우체국,세종다5494,27,21561,-33
1068,보은우체국,보은우체국,충북보은다6929,27,21702,-33
1069,예산우체국,예산우체국,충남예산가9118,26,23248,-33
1070,대전대덕우체국,대전대덕우체국,대전대덕자1632,27,21830,-33
1071,대전대덕우체국,대전대덕우체국,대전대덕자1636,27,21676,-33
1072,대전둔산우체국,대전둔산우체국,대전서차0254,47,2895,-33
1073,청주우체국,청주우체국,충북청주나7270,26,22893,-34
1074,보령우체국,보령우체국,충남보령자6917,26,22648,-34
1075,당진우체국,합덕우체국,충남당진나7444,47,2234,-34
1076,서산우체국,서산우체국,충남서산가5424,26,22529,-34
1077,부여우체국,임천우체국,충남부여가7603,27,21404,-34
1078,대전대덕우체국,대전대덕우체국,대전대덕자1633,27,21166,-34
1079,대전대덕우체국,대전대덕우체국,대전대덕자1635,27,21491,-34
1080,영동우체국,영동우체국,충북영동가7145,26,22447,-35
1081,공주우체국,공주우체국,충남공주나9140,26,22145,-35
1082,아산우체국,영인우체국,충남아산바5364,26,22344,-35
1083,천안우체국,성환우체국,충남천안가2330,27,20885,-35
1084,진천우체국,진천우체국,충북진천가7973,26,22389,-35
1085,보은우체국,보은우체국,충북보은다6930,27,20660,-35
1086,옥천우체국,옥천우체국,충북옥천차0907,27,20780,-35
1087,청주우체국,오창과학단지우체국,충북청주나7266,26,22392,-35
1088,서대전우체국,서대전우체국,대전중사1416,27,20766,-35
1089,논산우체국,논산우체국,충남논산바5845,27,20282,-36
1090,당진우체국,합덕우체국,충남당진나7787,38,5887,-36
1091,공주우체국,공주우체국,충남공주나9144,26,21163,-37
1092,당진우체국,합덕우체국,충남당진나7789,38,5433,-37
1093,당진우체국,당진우체국,충남당진나7780,38,5270,-37
1094,아산우체국,아산우체국,충남아산바5372,26,21329,-37
1095,음성우체국,음성우체국,충북음성라4612,26,20756,-38
1096,아산우체국,아산우체국,충남아산바5366,26,20970,-38
1097,충주우체국,충주우체국,충북충주사0873,26,20798,-38
1098,홍성우체국,홍성우체국 내포집배센터,충남홍성타2055,26,20535,-38
1099,대전대덕우체국,대전대덕우체국,대전대덕자1631,27,19336,-38
1100,진천우체국,진천우체국,충북진천가7970,26,20632,-38
1101,논산우체국,논산우체국,충남논산바5840,27,18799,-39
1102,대전우체국,대전우체국,대전동라9276,27,18624,-39
1103,대전대덕우체국,대전대덕우체국,대전대덕자1627,27,18688,-39
1104,공주우체국,공주우체국,충남공주나9141,26,20222,-39
1105,대전유성우체국,대전유성우체국,대전유성 파8063,27,18532,-39
1106,당진우체국,합덕우체국,충남당진나7786,38,4003,-39
1107,대전대덕우체국,대전대덕우체국,대전대덕자1628,27,18885,-39
1108,진천우체국,광혜원우체국,충북진천가7969,26,19732,-40
1109,대전대덕우체국,대전대덕우체국,대전대덕자1634,27,18055,-40
1110,충주우체국,충주우체국,충북충주사0877,26,19608,-40
1111,음성우체국,음성동성우체국,충북음성라4605,26,19837,-40
1112,대전유성우체국,대전유성우체국,대전유성 파8053,27,18309,-40
1113,서산우체국,해미우체국,충남서산가5411,38,3967,-40
1114,대전유성우체국,대전유성우체국,대전유성 파8057,27,17784,-41
1115,천안우체국,성환우체국,충남천안가2324,27,17954,-41
1116,홍성우체국,홍성우체국 내포집배센터,충남홍성타2056,26,19478,-41
1117,대전유성우체국,대전유성우체국,대전유성 파8061,27,17074,-42
1118,음성우체국,음성동성우체국,충북음성라4607,26,18567,-42
1119,대전우체국,대전우체국,대전동라9277,27,17453,-42
1120,옥천우체국,옥천우체국,충북옥천차0909,27,17401,-42
1121,대전우체국,대전우체국,대전동라9278,27,17101,-42
1122,논산우체국,논산우체국,충남논산바5844,27,17291,-42
1123,아산우체국,아산우체국,충남아산바5373,26,18682,-42
1124,공주우체국,공주우체국,충남공주나9147,26,18742,-42
1125,아산우체국,영인우체국,충남아산바5368,26,18811,-42
1126,대전둔산우체국,대전둔산우체국,대전서라0628,26,18140,-43
1127,청양우체국,청양우체국,충남청양가4643,27,16997,-43
1128,청주우체국,오창과학단지우체국,충북청주나7256,26,18222,-43
1129,세종우체국,세종우체국,세종다5492,27,16945,-43
1130,서대전우체국,서대전우체국,대전중사1426,27,16308,-44
1131,홍성우체국,홍성우체국,충남홍성타2052,26,17679,-44
1132,대전유성우체국,대전유성우체국,대전유성 파8059,27,16482,-44
1133,보령우체국,보령우체국,충남보령자6915,26,17535,-44
1134,논산우체국,논산우체국,충남논산바5843,27,16480,-44
1135,서청주우체국,청주남이우체국,충북청주나7295,26,17112,-45
1136,서대전우체국,서대전우체국,대전중사1427,27,15942,-45
1137,충주우체국,충주우체국,충북충주사0872,26,17294,-45
1138,아산우체국,아산우체국,충남아산바5369,26,17302,-45
1139,대전유성우체국,대전유성우체국,대전유성 파8060,27,15979,-45
1140,예산우체국,예산우체국,충남예산가9120,26,17185,-45
1141,아산우체국,아산우체국,충남아산바5365,26,16783,-46
1142,괴산우체국,증평우체국,충북괴산가7148,38,678,-46
1143,서청주우체국,서청주우체국,충북청주나7337,26,16650,-46
1144,서대전우체국,서대전우체국,대전중사1420,27,14964,-47
1145,세종우체국,조치원우체국,세종가6055,38,65,-47
1146,대전유성우체국,대전유성우체국,대전유성 파8055,27,14595,-47
1147,제천우체국,제천우체국,충북제천라8504,27,14586,-47
1148,세종우체국,조치원우체국,세종가6048,38,26,-47
1149,부여우체국,부여우체국,충남부여가1457,27,14711,-47
1150,홍성우체국,홍성우체국,충남홍성타2053,26,16374,-47
1151,서대전우체국,서대전우체국,대전중사1424,27,14220,-48
1152,당진우체국,합덕우체국,충남당진나8205,26,15867,-48
1153,논산우체국,계룡금암동우체국,충남논산바5842,27,14212,-48
1154,홍성우체국,홍성우체국 내포집배센터,충남홍성타2058,26,15633,-48
1155,대전둔산우체국,대전둔산우체국,대전서라0640,26,15858,-48
1156,음성우체국,음성동성우체국,충북음성라4608,26,15502,-48
1157,서대전우체국,서대전우체국,대전중사1414,27,13840,-49
1158,서대전우체국,서대전우체국,대전중사1415,27,13537,-49
1159,음성우체국,음성동성우체국,충북음성라4611,26,15075,-49
1160,서대전우체국,서대전우체국,대전중사1429,27,13849,-49
1161,대전우체국,대전우체국,대전동라9280,27,13375,-50
1162,대전우체국,대전우체국,대전동라9273,27,13021,-50
1163,대전둔산우체국,대전둔산우체국,대전서라0629,26,14870,-50
1164,청주우체국,청주우체국,충북청주나7268,26,14835,-50
1165,대전둔산우체국,대전둔산우체국,대전서라0637,26,14530,-50
1166,서대전우체국,서대전우체국,대전중사1428,27,12939,-51
1167,서대전우체국,서대전우체국,대전중사1411,27,12844,-51
1168,동천안우체국,동천안우체국,충남천안하1748,27,12777,-51
1169,청주우체국,청주우체국,충북청주나7267,26,14135,-51
1170,서대전우체국,서대전우체국,대전중사1419,27,12915,-51
1171,서청주우체국,서청주우체국,충북청주나7340,26,14085,-51
1172,세종우체국,조치원우체국,세종다5489,27,12699,-51
1173,대전둔산우체국,대전둔산우체국,대전서라0620,26,14371,-51
1174,대전둔산우체국,대전둔산우체국,대전서라0638,26,14168,-51
1175,대전둔산우체국,대전둔산우체국,대전서라0639,26,14169,-51
1176,청주우체국,청주우체국,충북청주나7257,26,14310,-51
1177,대전대덕우체국,대전대덕우체국,대전대덕자1630,27,12587,-51
1178,청주우체국,청주우체국,충북청주나7261,26,13940,-52
1179,서대전우체국,서대전우체국,대전중사1425,27,12070,-52
1180,서청주우체국,서청주우체국,충북청주나7338,26,13595,-52
1181,서대전우체국,서대전우체국,대전중사1417,27,12055,-52
1182,대전우체국,대전우체국,대전동라9279,27,12197,-52
1183,서대전우체국,서대전우체국,대전중사1412,27,12101,-52
1184,공주우체국,공주우체국,충남공주나9145,26,13225,-53
1185,보령우체국,보령우체국,충남보령자6910,26,13060,-53
1186,서천우체국,장항우체국,충남서천다5578,26,13302,-53
1187,서대전우체국,서대전우체국,대전중사1418,27,11963,-53
1188,서대전우체국,서대전우체국,대전중사1422,27,11555,-53
1189,청주우체국,청주우체국,충북청주나7258,26,13412,-53
1190,청주우체국,오창과학단지우체국,충북청주나7265,26,13233,-53
1191,대전유성우체국,대전유성우체국,대전유성 파8051,27,11619,-53
1192,대전우체국,대전우체국,대전동라9282,27,11451,-54
1193,동천안우체국,동천안우체국,충남천안하1746,27,11192,-54
1194,아산우체국,아산우체국,충남아산바5362,26,12755,-54
1195,서청주우체국,서청주우체국,충북청주나7336,26,12620,-54
1196,예산우체국,예산우체국,충남예산가9121,26,12166,-55
1197,아산우체국,아산우체국,충남아산바5360,26,12285,-55
1198,대전둔산우체국,대전둔산우체국,대전서라0627,26,12144,-55
1199,대전유성우체국,대전유성우체국,대전유성 파8056,27,10727,-55
1200,대전둔산우체국,대전둔산우체국,대전서라0646,26,12397,-55
1201,대전둔산우체국,대전둔산우체국,대전서라0618,26,12200,-55
1202,동천안우체국,동천안우체국,충남천안하1749,27,10541,-55
1203,논산우체국,연산우체국,충남 논산바5836,26,12486,-55
1204,천안우체국,천안우체국,충남천안가2316,27,10593,-55
1205,대전우체국,대전우체국,대전동라9281,27,10070,-56
1206,서산우체국,서산우체국,충남서산가5421,26,11544,-56
1207,천안우체국,천안우체국,충남천안가2322,27,10080,-56
1208,서대전우체국,서대전우체국,대전중사1410,27,10063,-56
1209,공주우체국,공주우체국,충남공주나9146,26,11810,-56
1210,서청주우체국,서청주우체국,충북청주나7303,26,11037,-57
1211,서청주우체국,서청주우체국,충북청주나7306,26,11388,-57
1212,대전우체국,대전우체국,대전동라9271,27,9996,-57
1213,아산우체국,아산우체국,충남아산바5374,26,11409,-57
1214,대전둔산우체국,대전둔산우체국,대전서라0644,26,11493,-57
1215,서대전우체국,서대전우체국,대전중사1421,27,9565,-57
1216,부여우체국,부여우체국,충남부여가1458,27,9773,-57
1217,대전둔산우체국,대전둔산우체국,대전서라0641,26,11418,-57
1218,천안우체국,천안우체국,충남천안가2318,27,9861,-57
1219,음성우체국,음성동성우체국,충북음성라4609,26,11084,-57
1220,천안우체국,천안우체국,충남천안가2320,27,9790,-57
1221,공주우체국,공주우체국,충남공주나9561,15,30411,-58
1222,동천안우체국,동천안우체국,충남천안하1747,27,9259,-58
1223,충주우체국,충주우체국,충북충주사0869,26,10905,-58
1224,아산우체국,아산우체국,충남아산바5361,26,10892,-58
1225,충주우체국,엄정우체국,충북충주사0920,15,30664,-58
1226,청주우체국,청주우체국,충북청주나7260,26,10605,-58
1227,대전유성우체국,대전유성우체국,대전유성 파8058,27,9258,-58
1228,세종우체국,조치원우체국,세종다5487,27,9441,-58
1229,당진우체국,당진우체국,충남당진나8237,25,12107,-58
1230,대전유성우체국,대전유성우체국,대전유성 파8064,27,9266,-58
1231,대전둔산우체국,대전둔산우체국,대전서라0645,26,10852,-58
1232,보령우체국,보령우체국,충남보령자6912,26,10860,-58
1233,대전유성우체국,대전유성우체국,대전유성 파8054,27,8610,-59
1234,대전둔산우체국,대전둔산우체국,대전서라0643,26,10191,-59
1235,서청주우체국,서청주우체국,충북청주나7299,26,10188,-59
1236,서대전우체국,서대전우체국,대전중사1413,27,8572,-59
1237,태안우체국,태안우체국,충남태안라3994,15,29600,-59
1238,서청주우체국,서청주우체국,충북청주나7341,26,10341,-59
1239,옥천우체국,청산우체국,충북옥천차1181,15,29794,-59
1240,천안우체국,천안우체국,충남천안가2321,27,8585,-59
1241,청주우체국,청주우체국,충북청주나7259,26,10454,-59
1242,서대전우체국,서대전우체국,대전중사1423,27,8985,-59
1243,예산우체국,삽교우체국,충남예산나1550,15,28688,-60
1244,서대전우체국,서대전우체국,대전중사1409,27,8085,-60
1245,아산우체국,아산우체국,충남아산바5359,26,9540,-60
1246,서천우체국,서천우체국,충남서천다5563,27,8404,-60
1247,서청주우체국,서청주우체국,충북청주나7307,26,9517,-60
1248,대전우체국,대전우체국,대전동라9272,27,8345,-60
1249,대전둔산우체국,대전둔산우체국,대전서라0622,26,9932,-60
1250,대전유성우체국,대전유성우체국,대전유성 파8052,27,8042,-60
1251,대전우체국,대전우체국,대전동라9274,27,8156,-60
1252,세종우체국,조치원우체국,세종다5488,27,8430,-60
1253,대전둔산우체국,대전둔산우체국,대전서라0642,26,9585,-60
1254,서청주우체국,서청주우체국,충북청주나7300,26,9919,-60
1255,서청주우체국,서청주우체국,충북청주나7308,26,9689,-60
1256,대전둔산우체국,대전둔산우체국,대전서라0636,26,9907,-60
1257,서청주우체국,서청주우체국,충북청주나7305,26,9040,-61
1258,대전둔산우체국,대전둔산우체국,대전서라0634,26,9026,-61
1259,괴산우체국,괴산우체국,충북괴산가7532,15,27562,-61
1260,서청주우체국,서청주우체국,충북청주나7309,26,9461,-61
1261,옥천우체국,청산우체국,충북옥천차1182,15,26320,-62
1262,서천우체국,서천우체국,충남서천다5729,15,26721,-62
1263,천안우체국,천안우체국,충남천안가2319,27,7382,-62
1264,서청주우체국,서청주우체국,충북청주나7344,26,8716,-62
1265,천안우체국,천안우체국,충남천안가2317,27,7248,-62
1266,대전둔산우체국,대전둔산우체국,대전서라0630,26,8627,-62
1267,서청주우체국,서청주우체국,충북청주나7310,26,8901,-62
1268,대전둔산우체국,대전둔산우체국,대전서라0619,26,8042,-63
1269,태안우체국,태안우체국,충남태안라4003,15,25519,-63
1270,부여우체국,부여우체국,충남부여가1460,15,25458,-63
1271,홍성우체국,광천우체국,충남홍성타2387,15,25952,-63
1272,괴산우체국,괴산우체국,충북괴산가7533,15,24640,-63
1273,세종우체국,세종우체국,세종다5485,27,6513,-63
1274,대전둔산우체국,대전둔산우체국,대전서라0633,26,7573,-64
1275,서천우체국,서천우체국,충남서천다5566,27,6445,-64
1276,대전유성우체국,대전유성우체국,대전유성 파8062,27,6311,-64
1277,충주우체국,충주우체국,충북충주사0925,15,24234,-64
1278,대전둔산우체국,대전둔산우체국,대전서라0624,26,7859,-64
1279,세종우체국,조치원우체국,세종다5719,15,24288,-64
1280,단양우체국,단양우체국,충북단양가0303,15,24482,-64
1281,대전둔산우체국,대전둔산우체국,대전서라0635,26,7630,-64
1282,대전둔산우체국,대전둔산우체국,대전서라0626,26,7741,-64
1283,대전둔산우체국,대전둔산우체국,대전서라0632,26,7020,-65
1284,대전둔산우체국,대전둔산우체국,대전서라0621,26,7264,-65
1285,예산우체국,예산우체국,충남예산가9311,15,23639,-65
1286,대전둔산우체국,대전둔산우체국,대전서라0631,26,7174,-65
1287,세종우체국,세종우체국,세종다5714,15,23608,-65
1288,제천우체국,제천우체국,충북제천라9196,15,23609,-65
1289,세종우체국,조치원우체국,세종다5720,15,23240,-66
1290,서천우체국,서천우체국,충남서천다5732,15,23123,-66
1291,대전둔산우체국,대전둔산우체국,대전서라0623,26,6513,-66
1292,논산우체국,논산연무우체국,충남논산바6208,15,23431,-66
1293,공주우체국,유구우체국,충남공주나9567,15,23443,-66
1294,괴산우체국,괴산우체국,충북괴산가7525,15,22889,-67
1295,홍성우체국,광천우체국,충남홍성타2388,15,22540,-67
1296,충주우체국,엄정우체국,충북충주사0919,15,22722,-67
1297,서천우체국,서천우체국,충남서천다5565,27,4563,-67
1298,예산우체국,예산우체국,충남예산가9312,15,21884,-69
1299,공주우체국,공주우체국,충남공주나9566,15,21803,-69
1300,보령우체국,보령우체국,충남보령자7337,15,21712,-69
1301,당진우체국,합덕우체국,충남당진나8987,15,21751,-69
1302,보은우체국,보은우체국,충북보은다7158,15,21883,-69
1303,세종우체국,세종우체국,세종다5717,15,21707,-69
1304,서천우체국,한산우체국,충남서천다5730,15,21332,-70
1305,보은우체국,보은우체국,충북보은다7156,15,21334,-70
1306,보은우체국,보은우체국,충북보은다7155,15,21051,-70
1307,세종우체국,조치원우체국,세종다5722,15,21000,-71
1308,음성우체국,음성우체국,충북음성라4706,15,20866,-71
1309,영동우체국,황간우체국,충북영동차1955,15,20060,-72
1310,음성우체국,생극우체국,충북음성라4703,15,20072,-72
1311,보은우체국,보은회인우체국,충북보은다7154,15,20076,-72
1312,예산우체국,삽교우체국,충남예산나1552,15,19722,-73
1313,서산우체국,서산우체국,충남서산가5433,15,19763,-73
1314,보은우체국,보은우체국,충북보은다7157,15,19686,-73
1315,당진우체국,합덕우체국,충남당진나8988,15,19962,-73
1316,음성우체국,금왕우체국,충북음성라4708,15,19642,-73
1317,음성우체국,생극우체국,충북음성라4704,15,19552,-73
1318,제천우체국,제천우체국,충북제천라9194,15,19457,-74
1319,충주우체국,충주우체국,충북충주사0926,15,18820,-75
1320,대전둔산우체국,대전둔산우체국,대전서카0794,15,18660,-75
1321,금산우체국,금산우체국,충남금산마7466,15,18680,-75
1322,금산우체국,금산우체국,충남금산마7470,15,18530,-75
1323,태안우체국,태안우체국,충남태안라3997,15,18537,-75
1324,아산우체국,아산우체국,충남아산바6801,15,18999,-75
1325,영동우체국,황간우체국,충북영동차1958,15,18461,-76
1326,청양우체국,청양우체국,충남청양가4718,15,18047,-76
1327,충주우체국,충주우체국,충북충주사0927,15,18033,-76
1328,대전둔산우체국,대전둔산우체국,대전서라0625,26,1726,-76
1329,음성우체국,생극우체국,충북음성라4705,15,17894,-77
1330,괴산우체국,괴산우체국,충북괴산가7526,15,17696,-77
1331,충주우체국,주덕우체국,충북충주사0921,15,17710,-77
1332,태안우체국,태안우체국,충남태안라4005,15,17467,-78
1333,아산우체국,아산우체국,충남아산바6797,15,17263,-78
1334,옥천우체국,옥천우체국,충북옥천차1183,15,17168,-78
1335,서산우체국,해미우체국,충남서산가5431,15,17257,-78
1336,금산우체국,금산우체국,충남금산마7467,15,17442,-78
1337,서청주우체국,청주남이우체국,충북청주다7026,15,16758,-79
1338,서산우체국,서산대산우체국,충남서산가5434,15,16890,-79
1339,진천우체국,진천우체국,충북진천가8192,15,16529,-79
1340,보령우체국,보령우체국,충남보령자7335,15,16720,-79
1341,괴산우체국,증평우체국,충북괴산가7528,15,16903,-79
1342,아산우체국,아산우체국,충남아산바6802,15,16306,-80
1343,청주우체국,청주우체국,충북청주다6998,15,16003,-80
1344,천안우체국,성환우체국,충남천안가2847,15,16119,-80
1345,대전유성우체국,대전유성우체국,대전유성 나9726,15,16013,-80
1346,홍성우체국,홍성우체국,충남홍성타2385,15,16377,-80
1347,제천우체국,제천우체국,충북제천라9193,15,15981,-81
1348,영동우체국,영동우체국,충북영동 차 1957,15,15651,-81
1349,단양우체국,단양우체국,충북단양가0304,15,15861,-81
1350,논산우체국,논산우체국,충남논산바6209,15,15523,-81
1351,영동우체국,영동우체국,충북영동 차 1956,15,15744,-81
1352,동천안우체국,동천안우체국,충남천안하2005,15,15902,-81
1353,아산우체국,영인우체국,충남아산바6796,15,15959,-81
1354,서산우체국,서산우체국,충남서산가5432,15,15760,-81
1355,서청주우체국,서청주우체국,충북청주다7029,15,15024,-82
1356,진천우체국,광혜원우체국,충북진천가8195,15,15309,-82
1357,예산우체국,삽교우체국,충남예산나1551,15,15029,-82
1358,대전우체국,대전우체국,대전동가9351,15,15482,-82
1359,충주우체국,주덕우체국,충북충주사0922,15,15000,-83
1360,서청주우체국,서청주우체국,충북청주다7030,15,14829,-83
1361,서산우체국,서산대산우체국,충남서산가5430,15,14009,-84
1362,보령우체국,보령우체국,충남보령자7339,15,14108,-84
1363,천안우체국,성환우체국,충남천안가2844,15,14059,-84
1364,금산우체국,금산우체국,충남금산마7468,15,13809,-85
1365,논산우체국,논산우체국,충남논산바6206,15,13614,-85
1366,제천우체국,제천우체국,충북제천라9195,15,13679,-85
1367,세종우체국,세종우체국,세종다5715,15,13219,-86
1368,아산우체국,아산우체국,충남아산바6800,15,13187,-86
1369,대전유성우체국,대전유성우체국,대전유성 나9727,15,13169,-86
1370,서청주우체국,서청주우체국,충북청주다7034,15,13400,-86
1371,동천안우체국,동천안우체국,충남천안하2004,15,12896,-87
1372,논산우체국,계룡금암동우체국,충남논산바6207,15,12940,-87
1373,대전대덕우체국,대전대덕우체국,대전대덕자4513,15,12600,-87
1374,청주우체국,오창과학단지우체국,충북청주다6990,15,12785,-87
1375,당진우체국,당진우체국,충남당진나8989,15,12665,-87
1376,서청주우체국,서청주우체국,충북청주다7065,15,12250,-88
1377,홍성우체국,광천우체국,충남홍성타2386,15,12127,-88
1378,천안우체국,성환우체국,충남천안가2845,15,12345,-88
1379,예산우체국,예산우체국,충남예산가9313,15,12285,-88
1380,세종우체국,세종우체국,세종다5716,15,12272,-88
1381,서청주우체국,서청주우체국,충북청주다7040,15,12470,-88
1382,금산우체국,금산우체국,충남금산마7471,15,11647,-89
1383,서천우체국,비인우체국,충남서천다5731,12,16462,-89
1384,보령우체국,보령우체국,충남보령자7341,15,11024,-90
1385,서대전우체국,서대전우체국,대전중아8119,15,11163,-90
1386,청주우체국,청주우체국,충북청주다6989,15,11136,-90
1387,대전대덕우체국,대전대덕우체국,대전대덕자4506,15,11028,-90
1388,천안우체국,성환우체국,충남천안가2846,15,10700,-91
1389,대전유성우체국,대전유성우체국,대전유성 나9724,15,10538,-91
1390,태안우체국,태안우체국,충남태안라3995,15,10740,-91
1391,대전대덕우체국,대전대덕우체국,대전대덕자4511,15,10613,-91
1392,홍성우체국,광천우체국,충남홍성타2389,15,10589,-91
1393,아산우체국,아산우체국,충남아산바6799,15,10630,-91
1394,청주우체국,청주우체국,충북청주다7047,15,10840,-91
1395,진천우체국,광혜원우체국,충북진천가8193,15,10751,-91
1396,서산우체국,해미우체국,충남서산가5436,15,10782,-91
1397,대전대덕우체국,대전대덕우체국,대전대덕자4507,15,10206,-92
1398,대전둔산우체국,대전둔산우체국,대전서카0792,15,10146,-92
1399,세종우체국,세종우체국,세종다5718,15,10377,-92
1400,음성우체국,음성동성우체국,충북음성라4707,15,10376,-92
1401,당진우체국,당진우체국,충남당진나8985,15,10225,-92
1402,괴산우체국,증평우체국,충북괴산가7529,15,9632,-93
1403,홍성우체국,홍성우체국,충남홍성타2383,15,9932,-93
1404,보령우체국,보령우체국,충남보령자7336,15,9795,-93
1405,서대전우체국,서대전우체국,대전중아8127,15,9753,-93
1406,청주우체국,청주우체국,충북청주다6991,15,9115,-94
1407,공주우체국,공주우체국,충남공주나9565,15,9008,-94
1408,서청주우체국,서청주우체국,충북청주다7068,15,8539,-95
1409,서청주우체국,서청주우체국,충북청주다7032,15,8904,-95
1410,서천우체국,서천우체국,충남서천다5728,15,8880,-95
1411,홍성우체국,홍성우체국,충남홍성타2384,15,8680,-95
1412,괴산우체국,증평우체국,충북괴산가7530,15,8710,-95
1413,대전유성우체국,대전유성우체국,대전유성 나9725,15,8510,-95
1414,태안우체국,태안우체국,충남태안라3996,15,8888,-95
1415,대전대덕우체국,대전대덕우체국,대전대덕자4508,15,8908,-95
1416,대전둔산우체국,대전둔산우체국,대전서타0704,15,8540,-95
1417,충주우체국,충주우체국,충북충주사0923,15,8939,-95
1418,대전둔산우체국,대전둔산우체국,대전서카0796,15,8970,-95
1419,대전둔산우체국,대전둔산우체국,대전서카0793,15,8545,-95
1420,서청주우체국,서청주우체국,충북청주다7066,15,8406,-96
1421,서청주우체국,서청주우체국,충북청주다7038,15,8460,-96
1422,공주우체국,공주우체국,충남공주나9564,15,8377,-96
1423,청주우체국,청주우체국,충북청주다6992,15,8312,-96
1424,천안우체국,성환우체국,충남천안가2843,15,8481,-96
1425,금산우체국,금산우체국,충남금산마7469,15,8138,-96
1426,서대전우체국,서대전우체국,대전중자0117,15,7612,-97
1427,청주우체국,청주우체국,충북청주다6999,15,7586,-97
1428,대전유성우체국,대전유성우체국,대전유성 나9723,15,7828,-97
1429,청주우체국,청주우체국,충북청주다6993,15,7532,-97
1430,서청주우체국,서청주우체국,충북청주다7061,15,7985,-97
1431,아산우체국,아산우체국,충남아산바6798,15,7844,-97
1432,서청주우체국,서청주우체국,충북청주다7071,15,7858,-97
1433,당진우체국,당진우체국,충남당진나8984,15,8000,-97
1434,공주우체국,공주우체국,충남공주나9563,15,7828,-97
1435,청주우체국,청주우체국,충북청주다6997,15,7750,-97
1436,천안우체국,천안우체국,충남천안가2839,15,7280,-98
1437,서대전우체국,서대전우체국,대전중아8118,15,7030,-98
1438,대전둔산우체국,대전둔산우체국,대전서카0799,15,7358,-98
1439,대전우체국,대전우체국,대전동가9348,15,7021,-98
1440,진천우체국,진천우체국,충북진천가8191,15,7360,-98
1441,서청주우체국,서청주우체국,충북청주다7069,15,7240,-98
1442,서청주우체국,서청주우체국,충북청주다7033,15,7390,-98
1443,공주우체국,공주우체국,충남공주나9562,15,7353,-98
1444,논산우체국,계룡금암동우체국,충남논산바6205,15,7240,-98
1445,동천안우체국,동천안우체국,충남천안하2007,15,7213,-98
1446,청주우체국,청주우체국,충북청주다6995,15,7137,-98
1447,대전우체국,대전우체국,대전동가9350,15,7120,-98
1448,충주우체국,충주우체국,충북충주사0924,15,7318,-98
1449,대전대덕우체국,대전대덕우체국,대전대덕자4512,15,6655,-99
1450,대전우체국,대전우체국,대전동가9349,15,6552,-99
1451,서청주우체국,서청주우체국,충북청주다7073,15,6831,-99
1452,서청주우체국,서청주우체국,충북청주다7070,15,6906,-99
1453,청주우체국,청주우체국,충북청주다6994,15,6779,-99
1454,괴산우체국,증평우체국,충북괴산가7527,15,6780,-99
1455,서청주우체국,서청주우체국,충북청주다7039,15,6522,-99
1456,대전둔산우체국,대전둔산우체국,대전서타0701,15,6895,-99
1457,서대전우체국,서대전우체국,대전중아8128,15,6771,-99
1458,보령우체국,보령우체국,충남보령자7340,15,6550,-99
1459,대전둔산우체국,대전둔산우체국,대전서카0800,15,6676,-99
1460,보령우체국,보령우체국,충남보령자7338,15,6090,-100
1461,청주우체국,청주우체국,충북청주다7001,15,6112,-100
1462,천안우체국,천안우체국,충남천안가2838,15,6171,-100
1463,금산우체국,금산우체국,충남금산마7472,15,6320,-100
1464,서청주우체국,서청주우체국,충북청주다7027,15,6056,-100
1465,서대전우체국,서대전우체국,대전중아8125,15,6061,-100
1466,진천우체국,진천우체국,충북진천가8194,15,6297,-100
1467,서청주우체국,서청주우체국,충북청주다7037,15,6361,-100
1468,대전대덕우체국,대전대덕우체국,대전대덕자4510,15,6105,-100
1469,대전대덕우체국,대전대덕우체국,대전대덕자4514,15,6354,-100
1470,당진우체국,당진우체국,충남당진나8986,15,6475,-100
1471,대전둔산우체국,대전둔산우체국,대전서타0702,15,6460,-100
1472,대전우체국,대전우체국,대전동가9352,15,6105,-100
1473,동천안우체국,동천안우체국,충남천안하2006,15,5998,-101
1474,서청주우체국,서청주우체국,충북청주다7028,15,5586,-101
1475,서청주우체국,서청주우체국,충북청주다7072,15,5632,-101
1476,대전우체국,대전우체국,대전동가9353,15,5675,-101
1477,세종우체국,조치원우체국,세종다5721,15,5877,-101
1478,서대전우체국,서대전우체국,대전중아8124,15,5949,-101
1479,대전우체국,대전우체국,대전동가9354,15,5632,-101
1480,세종우체국,조치원우체국,세종다5723,15,5629,-101
1481,서대전우체국,서대전우체국,대전중아8129,15,5639,-101
1482,서대전우체국,서대전우체국,대전중아8123,15,5978,-101
1483,서대전우체국,서대전우체국,대전중아8116,15,5466,-102
1484,천안우체국,천안우체국,충남천안가2841,15,5425,-102
1485,천안우체국,천안우체국,충남천안가2842,15,5185,-102
1486,아산우체국,아산우체국,충남아산바6795,15,5375,-102
1487,동천안우체국,동천안우체국,충남천안하2028,14,6525,-102
1488,서청주우체국,서청주우체국,충북청주다7063,15,5435,-102
1489,서청주우체국,서청주우체국,충북청주다7036,15,5295,-102
1490,청양우체국,청양우체국,충남청양가4719,15,5128,-102
1491,당진우체국,당진우체국,충남당진나8990,15,5315,-102
1492,대전대덕우체국,대전대덕우체국,대전대덕자4509,15,5435,-102
1493,천안우체국,천안우체국,충남천안가2840,15,4833,-103
1494,서산우체국,서산우체국,충남서산가5429,15,4870,-103
1495,서대전우체국,서대전우체국,대전중아8115,15,4842,-103
1496,대전둔산우체국,대전둔산우체국,대전서카0798,15,4906,-103
1497,서청주우체국,서청주우체국,충북청주다7392,14,6410,-103
1498,부여우체국,부여우체국,충남부여가1461,15,4942,-103
1499,대전둔산우체국,대전둔산우체국,대전서타0703,15,4782,-103
1500,대전둔산우체국,대전둔산우체국,대전서카0795,15,4482,-104
1501,서대전우체국,서대전우체국,대전중아8122,15,4233,-104
1502,대전둔산우체국,대전둔산우체국,대전서카0790,15,4342,-104
1503,대전둔산우체국,대전둔산우체국,대전서카0797,15,4011,-104
1504,서대전우체국,서대전우체국,대전중아8120,15,4110,-104
1505,서청주우체국,서청주우체국,충북청주다7062,15,4004,-104
1506,서대전우체국,서대전우체국,대전중아8126,15,4169,-104
1507,서대전우체국,서대전우체국,대전중아8121,15,3836,-105
1508,당진우체국,당진우체국,충남당진나8991,15,3651,-105
1509,괴산우체국,증평우체국,충북괴산가7531,15,3951,-105
1510,대전둔산우체국,대전둔산우체국,대전서카0791,15,3756,-105
1511,동천안우체국,동천안우체국,충남천안하2027,14,4762,-106
1512,서청주우체국,서청주우체국,충북청주다7035,15,1536.2,-109
1513,보은우체국,보은우체국,충북보은다7362,9,3082,-124
1514,서산우체국,서산우체국,충남서산가5447,3,8608,-131
1515,괴산우체국,괴산우체국,충북괴산가7703,3,6587,-135
1516,서천우체국,서천우체국,충남서천다5857,3,6284,-136
1517,서산우체국,서산우체국,충남서산가5448,3,6378,-136
1518,괴산우체국,괴산우체국,충북괴산가7700,3,5518,-137
1519,충주우체국,엄정우체국,충북충주사3621,3,5936,-137
1520,서산우체국,서산우체국,충남서산가5452,3,5703,-137
1521,괴산우체국,괴산우체국,충북괴산가7704,3,5835,-137
1522,서천우체국,서천우체국,충남서천다5856,3,5633,-137
1523,괴산우체국,괴산우체국,충북괴산가7702,3,5095,-138
1524,괴산우체국,괴산우체국,충북괴산가7701,3,5145,-138
1525,태안우체국,안면우체국,충남태안라4194,3,5200,-138
1526,서산우체국,서산우체국,충남서산가5446,3,5241,-138
1527,서천우체국,한산우체국,충남서천다5858,3,5404,-138
1528,옥천우체국,청산우체국,충북옥천차1409,3,5009,-138
1529,충주우체국,엄정우체국,충북충주사3622,3,5001,-138
1530,공주우체국,공주우체국,충남공주나9941,3,5170,-138
1531,서산우체국,서산우체국,충남서산가5440,3,4836,-139
1532,부여우체국,부여우체국,충남부여가1468,3,4989,-139
1533,당진우체국,당진정미우체국,충남당진하5283,3,4876,-139
1534,당진우체국,합덕우체국,충남당진하5296,3,4850,-139
1535,서산우체국,서산우체국,충남서산가5445,3,4981,-139
1536,부여우체국,부여우체국,충남부여가1465,3,4612,-139
1537,부여우체국,부여우체국,충남부여가1467,3,4996,-139
1538,옥천우체국,청산우체국,충북옥천차1410,3,4525,-139
1539,부여우체국,홍산우체국,충남부여가1045,3,4640,-139
1540,부여우체국,임천우체국,충남부여가7606,3,4526,-139
1541,음성우체국,음성우체국,충북음성라4913,3,4954,-139
1542,아산우체국,영인우체국,충남아산바8437,3,4630,-139
1543,진천우체국,진천우체국,충북진천가8433,3,4690,-139
1544,홍성우체국,광천우체국,홍성타2696,3,4596,-139
1545,충주우체국,엄정우체국,충북충주사3625,3,4520,-139
1546,부여우체국,부여우체국,충남부여가1464,3,4865,-139
1547,공주우체국,공주우체국,충남공주나9936,3,4540,-139
1548,당진우체국,합덕우체국,충남당진하5291,3,4865,-139
1549,단양우체국,단양우체국,충북단양가0390,3,4305,-140
1550,금산우체국,금산우체국,충남금산마7807,3,4190,-140
1551,당진우체국,합덕우체국,충남당진하5290,3,4313,-140
1552,괴산우체국,괴산우체국,충북괴산가7705,3,4023,-140
1553,당진우체국,합덕우체국,충남당진하5284,3,4157,-140
1554,부여우체국,부여우체국,충남부여가1466,3,4103,-140
1555,보령우체국,보령웅천우체국,충남보령자7848,3,4067,-140
1556,청주우체국,청주우체국,충북청주라8229,3,4196,-140
1557,청주우체국,오창과학단지우체국,충북청주라8225,3,4286,-140
1558,청주우체국,미원우체국,충북청주라8223,3,4071,-140
1559,홍성우체국,홍성우체국,충남홍성타2694,3,4180,-140
1560,홍성우체국,광천우체국,충남홍성타2688,3,4311,-140
1561,태안우체국,안면우체국,충남태안라4192,3,4402,-140
1562,태안우체국,안면우체국,충남태안라4196,3,4141,-140
1563,제천우체국,제천우체국,충북제천라9782,3,4312,-140
1564,보령우체국,보령웅천우체국,충남보령자7849,3,4490,-140
1565,예산우체국,예산덕산우체국,충남예산아4019,3,4335,-140
1566,충주우체국,엄정우체국,충북충주사3624,3,4158,-140
1567,부여우체국,임천우체국,충남부여가7605,3,4414,-140
1568,부여우체국,부여우체국,충남부여가1469,3,4110,-140
1569,보은우체국,보은우체국,충북보은다7361,3,4073,-140
1570,보은우체국,보은우체국,충북보은다7364,3,4339,-140
1571,충주우체국,엄정우체국,충북충주사3623,3,4438,-140
1572,보은우체국,보은우체국,충북보은다7365,3,4099,-140
1573,단양우체국,단양우체국,충북단양가0394,3,4350,-140
1574,공주우체국,공주우체국,충남공주나9942,3,4353,-140
1575,공주우체국,공주우체국,충남공주나9935,3,4029,-140
1576,아산우체국,영인우체국,충남아산바8434,3,4207,-140
1577,공주우체국,공주우체국,충남공주나9937,3,4450,-140
1578,공주우체국,유구우체국,충남공주하1428,3,4242,-140
1579,서산우체국,서산우체국,충남서산가5442,3,4168,-140
1580,공주우체국,유구우체국,충남공주하1427,3,4160,-140
1581,서산우체국,서산우체국,충남서산가5449,3,4470,-140
1582,공주우체국,공주우체국,충남공주나9940,3,4005,-140
1583,당진우체국,합덕우체국,충남당진하5282,3,4334,-140
1584,대전둔산우체국,대전둔산우체국,대전서바0963,3,3599,-141
1585,예산우체국,삽교우체국,충남예산나1594,3,3831,-141
1586,당진우체국,당진정미우체국,충남당진하5288,3,3537,-141
1587,옥천우체국,옥천우체국,충북옥천차1412,3,3553,-141
1588,음성우체국,생극우체국,충북음성라4916,3,3519,-141
1589,당진우체국,당진우체국,충남당진하5294,3,3830,-141
1590,당진우체국,합덕우체국,충남당진하5292,3,3655,-141
1591,아산우체국,영인우체국,충남아산바8438,3,3752,-141
1592,청양우체국,청양우체국,충남청양가4786,3,3722,-141
1593,음성우체국,음성우체국,충북음성라4909,3,3881,-141
1594,보은우체국,보은우체국,충북보은다7363,3,3517,-141
1595,보은우체국,보은회인우체국,충북보은다7368,3,3697,-141
1596,서산우체국,서산우체국,충남서산가5443,3,3955,-141
1597,아산우체국,아산우체국,충남아산바8440,3,3857,-141
1598,당진우체국,당진우체국,충남당진하5281,3,3520,-141
1599,부여우체국,홍산우체국,충남부여가1044,3,3955,-141
1600,공주우체국,공주우체국,충남공주나9939,3,3604,-141
1601,부여우체국,홍산우체국,충남부여가1046,3,3933,-141
1602,진천우체국,광혜원우체국,충북진천가8431,3,3939,-141
1603,서산우체국,서산대산우체국,충남서산가5454,3,3613,-141
1604,당진우체국,당진우체국,충남당진하5285,3,3562,-141
1605,청양우체국,정산우체국,충남청양가4785,3,3627,-141
1606,논산우체국,논산연무우체국,충남논산바6608,3,3577,-141
1607,충주우체국,엄정우체국,충북충주사3626,3,3690,-141
1608,태안우체국,태안우체국,충남태안라4190,3,3807,-141
1609,충주우체국,충주우체국,충북충주사3617,3,3985,-141
1610,금산우체국,금산우체국,충남금산마7810,3,3993,-141
1611,천안우체국,성환우체국,충남천안카7073,3,3861,-141
1612,당진우체국,당진우체국,충남당진하5289,3,3461,-142
1613,천안우체국,성환우체국,충남천안카7071,3,3141,-142
1614,서천우체국,장항우체국,충남서천다5855,3,3148,-142
1615,진천우체국,진천우체국,충북진천가8430,3,3131,-142
1616,진천우체국,진천우체국,충북진천가8428,3,3210,-142
1617,당진우체국,당진우체국,충남당진하5295,3,3160,-142
1618,진천우체국,진천우체국,충북진천가8429,3,3467,-142
1619,공주우체국,공주우체국,충남공주나9938,3,3389,-142
1620,청주우체국,청주우체국,충북청주라8233,3,3423,-142
1621,천안우체국,성환우체국,충남천안카7074,3,3299,-142
1622,천안우체국,성환우체국,충남천안카7075,3,3268,-142
1623,세종우체국,조치원우체국,세종다5872,3,3404,-142
1624,서청주우체국,청주남이우체국,충북청주라8258,3,3266,-142
1625,태안우체국,태안우체국,충남태안라4193,3,3325,-142
1626,서청주우체국,청주남이우체국,충북청주라8254,3,3484,-142
1627,아산우체국,영인우체국,충남아산바8431,3,3160,-142
1628,금산우체국,금산우체국,충남금산마7811,3,3191,-142
1629,서대전우체국,서대전우체국,대전중아9659,3,3143,-142
1630,당진우체국,합덕우체국,충남당진하5293,3,3462,-142
1631,단양우체국,단양우체국,충북단양가0391,3,3145,-142
1632,음성우체국,음성동성우체국,충북음성라4919,3,3037,-142
1633,음성우체국,생극우체국,충북음성라4917,3,3197,-142
1634,청주우체국,청주우체국,충북청주라8230,3,3052,-142
1635,홍성우체국,홍성우체국,충남홍성타2689,3,3299,-142
1636,논산우체국,논산연무우체국,충남논산바6605,3,3402,-142
1637,예산우체국,예산우체국,충남예산가9488,3,3300,-142
1638,태안우체국,태안우체국,충남태안라4191,3,3229,-142
1639,청주우체국,오창과학단지우체국,충북청주라8228,3,3382,-142
1640,홍성우체국,광천우체국,충남홍성타2691,3,3385,-142
1641,홍성우체국,홍성우체국,충남홍성타2698,3,3440,-142
1642,세종우체국,세종우체국,세종다5871,3,3053,-142
1643,홍성우체국,광천우체국,충남홍성타2697,3,3485,-142
1644,아산우체국,영인우체국,충남아산바8432,3,3140,-142
1645,제천우체국,제천우체국,충북제천라9779,3,3048,-142
1646,청주우체국,청주우체국,충북청주라8231,3,2580,-143
1647,서청주우체국,서청주우체국,충북청주라8253,3,2659,-143
1648,논산우체국,연산우체국,충남논산바6602,3,2639,-143
1649,음성우체국,음성우체국,충북음성라4910,3,2699,-143
1650,아산우체국,아산우체국,충남아산바8429,3,2700,-143
1651,음성우체국,금왕우체국,충북음성라4915,3,2705,-143
1652,천안우체국,성환우체국,충남천안카7077,3,2567,-143
1653,대전우체국,대전우체국,대전동가9407,3,2565,-143
1654,홍성우체국,광천우체국,충남홍성타2693,3,2790,-143
1655,충주우체국,충주우체국,충북충주사3618,3,2765,-143
1656,진천우체국,광혜원우체국,충북진천가8427,3,2586,-143
1657,당진우체국,당진우체국,충남당진하5286,3,2726,-143
1658,음성우체국,음성우체국,충북음성라4912,3,2592,-143
1659,논산우체국,연산우체국,충남논산바6603,3,2800,-143
1660,충주우체국,주덕우체국,충북충주사3619,3,2750,-143
1661,논산우체국,논산연무우체국,충남논산바6604,3,2782,-143
1662,아산우체국,아산우체국,충남아산바8436,3,2672,-143
1663,대전대덕우체국,대전대덕우체국,대전대덕자6762,3,2630,-143
1664,대전대덕우체국,대전대덕우체국,대전대덕자6764,3,2505,-143
1665,금산우체국,금산우체국,충남금산마7808,3,2877,-143
1666,천안우체국,성환우체국,충남천안카7078,3,2990,-143
1667,서청주우체국,서청주우체국,충북청주라8255,3,2950,-143
1668,서산우체국,서산우체국,충남서산가5451,3,2925,-143
1669,보은우체국,보은우체국,충북보은다7366,3,2930,-143
1670,천안우체국,성환우체국,충남천안카7072,3,2719,-143
1671,괴산우체국,증평우체국,충북괴산가7698,3,2690,-143
1672,천안우체국,성환우체국,충남천안카7076,3,2975,-143
1673,청주우체국,청주우체국,충북청주라8235,3,2767,-143
1674,대전대덕우체국,대전대덕우체국,대전대덕자6765,3,2515,-143
1675,서산우체국,서산대산우체국,충남서산가5453,3,2755,-143
1676,음성우체국,음성우체국,충북음성라4918,3,2340,-144
1677,청주우체국,청주우체국,충북청주라8234,3,2097,-144
1678,제천우체국,제천우체국,충북제천라9781,3,2365,-144
1679,홍성우체국,홍성우체국 내포집배센터,충남홍성타2686,3,2262,-144
1680,홍성우체국,홍성우체국,충남홍성타2687,3,2211,-144
1681,대전대덕우체국,대전대덕우체국,대전대덕자6768,3,2448,-144
1682,대전대덕우체국,대전대덕우체국,대전대덕자6767,3,2484,-144
1683,진천우체국,광혜원우체국,충북진천가8426,3,2001,-144
1684,금산우체국,금산우체국,충남금산마7809,3,2360,-144
1685,서산우체국,서산우체국,충남서산가5441,3,2340,-144
1686,보령우체국,보령우체국,충남보령자7844,3,2441,-144
1687,보령우체국,보령우체국,충남보령자7843,3,2234,-144
1688,태안우체국,태안우체국,충남태안라4187,3,2189,-144
1689,서청주우체국,서청주우체국,충북청주라8301,3,2279,-144
1690,태안우체국,태안우체국,충남태안라4189,3,2279,-144
1691,태안우체국,태안우체국,충남태안라4188,3,2094,-144
1692,아산우체국,아산우체국,충남아산바8441,3,2461,-144
1693,아산우체국,아산우체국,충남아산바8435,3,2460,-144
1694,음성우체국,금왕우체국,충북음성라4914,3,2022,-144
1695,태안우체국,안면우체국,충남태안라4195,3,1988,-145
1696,홍성우체국,홍성우체국,충남홍성타2692,3,1554,-145
1697,보령우체국,보령우체국,충남보령자7842,3,1516,-145
1698,제천우체국,제천우체국,충북제천라9777,3,1850,-145
1699,서청주우체국,서청주우체국,충북청주라8288,3,1543,-145
1700,논산우체국,계룡금암동우체국,충남논산바6606,3,1794,-145
1701,동천안우체국,동천안우체국,충남천안하2450,3,1574,-145
1702,대전유성우체국,대전유성우체국,대전유성 마3564,3,1782,-145
1703,대전우체국,대전우체국,대전동가9408,3,1513,-145
1704,당진우체국,당진우체국,충남당진하5279,3,1728,-145
1705,보령우체국,보령우체국,충남보령자7845,3,1785,-145
1706,음성우체국,음성우체국,충북음성라4911,3,1950,-145
1707,당진우체국,당진우체국,충남당진하5278,3,1938,-145
1708,예산우체국,예산덕산우체국,충남예산아4020,3,1929,-145
1709,대전대덕우체국,대전대덕우체국,대전대덕자6763,3,1700,-145
1710,대전우체국,대전우체국,대전동가9409,3,1626,-145
1711,대전우체국,대전우체국,대전동가9410,3,1739,-145
1712,동천안우체국,동천안우체국,충남천안하2449,3,1673,-145
1713,서산우체국,서산우체국,충남서산가5444,3,1791,-145
1714,서청주우체국,서청주우체국,충북청주라8251,3,1901,-145
1715,세종우체국,세종우체국,세종다5870,3,1608,-145
1716,아산우체국,아산우체국,충남아산바8433,3,1772,-145
1717,논산우체국,논산연무우체국,충남논산바6607,3,1501,-145
1718,대전대덕우체국,대전대덕우체국,대전대덕자6766,3,1610,-145
1719,제천우체국,제천우체국,충북제천라9774,3,1950,-145
1720,천안우체국,천안우체국,충남천안카7079,3,1727,-145
1721,제천우체국,제천우체국,충북제천라9778,3,1967,-145
1722,서산우체국,서산우체국,충남서산가5439,3,1184,-146
1723,동천안우체국,동천안우체국,충남천안하2451,3,1373,-146
1724,천안우체국,천안우체국,충남천안카7064,3,1111,-146
1725,서대전우체국,서대전우체국,대전중아9660,3,1057,-146
1726,천안우체국,천안우체국,충남천안카7063,3,1296,-146
1727,동천안우체국,동천안우체국,충남천안하2447,3,1207,-146
1728,동천안우체국,동천안우체국,충남천안하2441,3,1109,-146
1729,동천안우체국,동천안우체국,충남천안하2443,3,1381,-146
1730,천안우체국,천안우체국,충남천안카7062,3,1247,-146
1731,홍성우체국,홍성우체국,충남홍성타2695,3,1272,-146
1732,서청주우체국,서청주우체국,충북청주라8289,3,1048,-146
1733,서청주우체국,서청주우체국,충북청주라8294,3,1058,-146
1734,서청주우체국,서청주우체국,충북청주라8295,3,1196,-146
1735,서청주우체국,서청주우체국,충북청주라8298,3,1021,-146
1736,당진우체국,당진우체국,충남당진하5280,3,1128,-146
1737,당진우체국,당진우체국,충남당진하5277,3,1070,-146
1738,천안우체국,천안우체국,충남천안카7061,3,1374,-146
1739,대전둔산우체국,대전둔산우체국,대전서바0969,3,1257,-146
1740,서산우체국,서산우체국,충남서산가5450,3,1470,-146
1741,아산우체국,영인우체국,충남아산바8439,3,1407,-146
1742,보령우체국,보령우체국,충남보령자7847,3,1255,-146
1743,제천우체국,제천우체국,충북제천라9780,3,1433,-146
1744,아산우체국,아산우체국,충남아산바8430,3,1165,-146
1745,천안우체국,천안우체국,충남천안카7067,3,1148,-146
1746,홍성우체국,홍성우체국,충남홍성타2690,3,1021,-146
1747,천안우체국,천안우체국,충남천안카7065,3,1052,-146
1748,천안우체국,천안우체국,충남천안카7060,3,1152,-146
1749,서청주우체국,서청주우체국,충북청주라8293,3,1300,-146
1750,천안우체국,천안우체국,충남천안카7070,3,1068,-146
1751,청주우체국,오창과학단지우체국,충북청주라8224,3,1011,-146
1752,서청주우체국,서청주우체국,충북청주라8256,3,1111,-146
1753,대전유성우체국,대전유성우체국,대전유성 마3563,3,1138,-146
1754,서청주우체국,서청주우체국,충북청주라8250,3,1376,-146
1755,동천안우체국,동천안우체국,충남천안하2446,3,1101,-146
1756,동천안우체국,동천안우체국,충남천안하2448,3,1116,-146
1757,논산우체국,논산우체국,충남논산바6601,3,1427,-146
1758,대전우체국,대전우체국,대전동가9405,3,1120,-146
1759,서산우체국,서산우체국,충남서산가5438,3,1387,-146
1760,천안우체국,천안우체국,충남천안카7069,3,913,-147
1761,충주우체국,충주우체국,충북충주사3616,3,953,-147
1762,진천우체국,진천우체국,충북진천가8432,3,752,-147
1763,청주우체국,오창과학단지우체국,충북청주라8226,3,876,-147
1764,제천우체국,제천우체국,충북제천라9776,3,901,-147
1765,동천안우체국,동천안우체국,충남천안하2452,3,905,-147
1766,제천우체국,제천우체국,충북제천라9775,3,826,-147
1767,아산우체국,아산우체국,충남아산바8442,3,966,-147
1768,옥천우체국,옥천우체국,충북옥천차1411,3,695,-147
1769,당진우체국,당진우체국,충남당진하5287,3,604,-147
1770,대전둔산우체국,대전둔산우체국,대전서바0961,3,948,-147
1771,대전둔산우체국,대전둔산우체국,대전서바0972,3,855,-147
1772,대전둔산우체국,대전둔산우체국,대전서바0968,3,887,-147
1773,대전둔산우체국,대전둔산우체국,대전서바0965,3,710,-147
1774,대전우체국,대전우체국,대전동가9406,3,883,-147
1775,동천안우체국,동천안우체국,충남천안하2442,3,962,-147
1776,동천안우체국,동천안우체국,충남천안하2453,3,927,-147
1777,서청주우체국,서청주우체국,충북청주라8291,3,983,-147
1778,청주우체국,오창과학단지우체국,충북청주라8227,3,911,-147
1779,서대전우체국,서대전우체국,대전중아9662,3,663,-147
1780,서청주우체국,서청주우체국,충북청주라8290,3,977,-147
1781,서청주우체국,서청주우체국,충북청주라8292,3,799,-147
1782,서청주우체국,서청주우체국,충북청주라8297,3,930,-147
1783,천안우체국,천안우체국,충남천안카7068,3,836,-147
